No.,Post Survey End Time,1. What was more important for you to do?,"2. Please evaluate the following statements based on your true situation. There is no correct answer to this question, and your response does not affect your eligibility in this study
(1：Very inattentive／2：Inattentive ／3：Somewhat inattentive ／4： Neutral／5： Somewhat attentive ／6： Attentive／7： Very attentive)",,,,1. Do you feel you sometimes misreport your health (even slightly) to doctors?,,"2-1. When answering the dietary behavior using the slider, did you notice anything about how it felt to use it?",2-2. Did the way it worked change how you thought about your answers at all? ,"3. When you think about improving your own health, what motivates you more — the good things you could gain, or the bad things you want to avoid? Can you give an example?",4. Is there anything else you would like to tell us that has not been discussed yet?,uid,condition,Duration,,,Duration,,,,,,,,
,,1=What I ought to do　……　7=What I want to do,How attentive did you feel while reading the instructions for this short study earlier?,How attentive did you feel while answering the health questions?,How attentive did you feel throughout the entire session today?,I was able to keep my full attention on all the tasks during the entire process.,"(1) No
(2) If Yes,  Why do you think you do so?","Yes, Why do you think so? ",Open-Ended Response,Open-Ended Response,Open-Ended Response,Open-Ended Response,Open-Ended Response,Open-Ended Response,Minutes,,,Min,Max,Median,,,,,,
1,2026-07-21 16:26:45,6,7,7,7,7,2,I may exaggerate my symptoms so that the doctor will take my condition more seriously.,It was a little difficult to slide.,"Yes, it affected me.",Gaining positive outcomes and encouragement.,No,6a040361-e41d-44e2-b1e1-1eba2281297b,woEO-wRAM,8.47,,,6.65,1530.15,10.73,,,,,,
2,2026-07-18 13:23:03,3,6,6,6,6,1,,,,,,873bf841-5ebe-47c4-aeaf-bb16f7690f14,woEO-wRAM,14.28,,,,,,,,,,,
3,2026-07-17 8:23:57,7,7,7,7,7,1,,,,,,ee456e73-cb80-4298-b693-c20b7054fccc,wEO-wRAM,12.33,,,,,,,,,,,
4,2026-07-13 23:00:22,7,7,7,7,7,1,,No,No.,Gaining positive outcomes — preventing disease.,No,f90fa738-da02-4e63-bc8a-049fbb1070a5,wEO-wRAM,6.93,,,,,,,,,,,
5,2026-07-16 16:11:34,6,6,6,6,6,1,,,,,,c463b225-d741-47aa-9503-d7d93fdcad1d,wEO-woRAM,10.15,,,,,,,,,,,
6,2026-07-13 16:09:10,4,1,7,4,4,1,,It was a little cumbersome.,No effect.,"Improving health, I guess.",No,1a539732-ce76-4e76-acd2-adf6d4f19bdf,woEO-woRAM,7.08,,,,,,,,,,,
7,2026-07-14 8:35:09,5,6,6,6,6,1,,,,,,61025e25-025b-494e-afbc-6ac8c02096eb,woEO-wRAM,10.00,,,,,,,,,,,
8,2026-07-13 16:45:57,1,7,7,7,7,1,,Read the question carefully.,Slightly.,Avoiding getting sick.,No,b6302aa7-ce27-4c95-9d9a-825fb38355c8,wEO-woRAM,8.13,,,,,,,,,,,
9,2026-07-18 13:44:49,2,7,7,7,6,1,,There were no clear numerical labels on the slider.,No.,Improving the current negative outcomes.,No,ec03611c-7f84-4c87-be0d-295e2d996358,wEO-woRAM,12.25,,,,,,,,,,,
10,2026-07-13 17:10:34,6,5,5,5,4,2,I have difficulty accurately describing my symptoms to the doctor.,The slider made it easy to choose a response.,It didn't affect me.,Exercising more and eating less fried food.,No,9570a99a-32ab-4b4f-b053-b5041ebe1545,wEO-woRAM,10.85,,,,,,,,,,,
11,2026-07-13 20:38:07,6,5,6,5,5,1,,No,No,Money.,No,a34b3522-7e3e-47d6-b413-906062c6fd25,woEO-wRAM,7.67,,,,,,,,,,,
12,2026-07-13 16:37:15,3,6,6,6,6,1,,No,No,Avoiding getting sick.,No,b749da37-f29f-490f-af50-8e162b3d1ef6,woEO-woRAM,11.93,,,,,,,,,,,
13,2026-07-21 9:19:45,1,5,6,6,6,1,,,,,,b84e3634-5628-467e-ae24-1ff3fb545f60,wEO-woRAM,12.20,,,,,,,,,,,
14,2026-07-13 17:21:29,1,7,7,7,7,1,,It was novel and increased my concentration.,No,"Improving health (stable blood pressure, greatly reduced acid reflux).",No,df4b9b71-5aaa-4ae9-b14f-4ffc3c9be045,woEO-wRAM,16.75,,,,,,,,,,,
15,2026-07-13 16:10:17,2,6,6,6,5,1,,,,,,42e78704-a76f-4c10-8a78-02458453c882,woEO-wRAM,8.75,,,,,,,,,,,
16,2026-07-17 15:31:00,7,7,7,7,7,1,,No,Somewhat.,Avoiding negative outcomes — I've been regularly monitoring a certain condition lately and hope to improve my health to prevent it from getting worse.,No,beea893f-0a12-4129-b310-20c1ad6e5272,wEO-wRAM,16.88,,,,,,,,,,,
17,2026-07-13 16:16:14,5,5,4,3,5,1,,No,No,Improving health.,No,852fbd20-95af-44e2-9ab6-6fb4309603f4,woEO-wRAM,7.90,,,,,,,,,,,
18,2026-07-13 20:35:38,1,4,4,4,4,2,Afraid,No,No,Controlling body weight.,No,f31b4a79-5152-4f33-8547-04211f70241d,woEO-woRAM,7.58,,,,,,,,,,,
19,2026-07-14 10:45:11,5,5,5,5,5,1,,"I had to click twice, which was a bit inconvenient.",No,Having a prize makes me willing to buy ingredients and cook for myself.,No,b185fdc7-023f-4099-b416-b8d527dea5d0,woEO-wRAM,9.50,,,,,,,,,,,
20,2026-07-14 7:56:13,4,5,6,6,6,2,It is difficult to describe my condition in detail.,No,No.,Avoiding negative outcomes.,No,4e4b8832-61a9-47b7-bddc-8c90bb1ccf8f,wEO-wRAM,8.05,,,,,,,,,,,
21,2026-07-16 23:38:56,4,6,7,7,6,1,,It was difficult to slide.,Yes.,"Healthy diet and exercise, boosting immunity and reducing the chance of getting sick.",No,cc7ebcf6-9a1c-4904-b327-225999ded035,woEO-woRAM,33.97,,,,,,,,,,,
22,2026-07-22 16:11:25,5,6,6,6,6,1,,No,No,Getting positive results like being able to lose more weight.,No,d27dad33-96f5-48f0-9955-8370a75b783e,woEO-woRAM,9.65,,,,,,,,,,,
23,2026-07-14 17:15:07,3,7,7,7,7,1,,It went very smoothly.,No.,"Gaining positive outcomes gets at the root cause — for example, adjusting diet and routine fundamentally solves health issues, rather than taking medicine (which only treats symptoms).",No,c657895a-3d83-423d-9133-0a46e45721c3,wEO-woRAM,15.43,,,,,,,,,,,
24,2026-07-13 20:23:24,6,3,5,5,5,1,,,,,,439a3a3e-0f24-41e1-bbbb-c77b6da505f5,woEO-wRAM,18.25,,,,,,,,,,,
25,2026-07-21 16:51:16,2,6,5,6,6,1,,"I did not understand what some of the questions were asking.
",No.,Wanting to improve my health.,No,f307a7de-3e4e-4f00-9b58-b6dad9349920,wEO-wRAM,9.33,,,,,,,,,,,
26,2026-07-17 17:43:49,7,6,6,6,5,1,,I did not notice anything particular.,No,Gaining vitality.,Probably nothing.,f6ccd6b6-3455-4f89-a11a-42fce3a57f2b,woEO-wRAM,10.62,,,,,,,,,,,
27,2026-07-13 16:41:22,4,5,5,6,6,1,,I did not have any particular feelings.,No.,Improving health.,No,4f3a093f-126a-4490-8575-06ab9ea5eda9,woEO-wRAM,38.95,,,,,,,,,,,
28,2026-07-22 20:21:08,7,6,6,6,6,1,,"It was very convenient to use.
",No.,Gaining vitality and living better.,None at the moment.,67710bfe-3b6b-4893-9b40-6d58b4dd96a1,wEO-woRAM,16.52,,,,,,,,,,,
29,2026-07-13 16:39:21,5,7,7,7,7,2,I may feel that it is too personal to disclose.,"I converted the slider into numbers by counting how many steps there were in total, and then selected the corresponding step based on the score I had in mind. Otherwise, it was a bit difficult to choose the level using only the slider.","A little bit — I'm more used to numeric answering, so I still operated the slider in a numeric way.",Losing a lot of weight and having a better body shape.,No,d535b220-d742-437e-9d45-a148afecd05e,wEO-wRAM,26.67,,,,,,,,,,,
30,2026-07-14 0:22:08,3,7,7,7,7,1,,"It gave me a greater sense of control.
","Yes, it affected me.",Making myself more energetic and in a better state.,Nothing for now.,8763c3a6-4f82-447f-8bf3-86fa6cacd93c,wEO-wRAM,11.65,,,,,,,,,,,
31,2026-07-14 16:04:49,3,6,6,6,6,1,,,,,,7cfd4c6b-3a9b-4bb1-8f89-b0b3e0c751e1,wEO-woRAM,11.95,,,,,,,,,,,
32,2026-07-13 16:31:48,3,6,6,6,6,1,,No,It didn't affect me.,"When I see people around me get sick, I want to improve.",No.,6ba808c8-d525-4f0b-9303-a53f77da2729,wEO-woRAM,25.22,,,,,,,,,,,
33,2026-07-13 16:08:40,3,6,6,6,6,1,,The score was less intuitive.,It required an extra confirmation step.,Having a plan for continuous improvement.,,bc682dcd-2a79-4a9b-98c9-d05e4bf88b76,woEO-wRAM,7.47,,,,,,,,,,,
34,2026-07-21 23:05:53,7,3,4,4,4,1,,No,No,No,No,6c836caa-46b7-4f54-b05e-8eea0597cc97,woEO-wRAM,10.45,,,,,,,,,,,
35,2026-07-22 7:58:41,3,4,4,4,4,1,,It was okay.,No.,Seeing the red marks on the check-up report turn blue.,No,7296735a-07f8-4fbd-99c7-4db311777eed,wEO-wRAM,951.70,,,,,,,,,,,
36,2026-07-13 16:30:43,5,7,7,7,7,2,I am afraid of being scolded by the doctor.,I would consider the degree to which I agree or disagree.,"If the original click options were numerous enough, the result would be similar to the slider.","Improving how I appear to others — for example, looking healthy also looks less haggard and old.",No,8c21792b-0df3-4842-aebb-d6e89dbdaeda,woEO-woRAM,16.12,,,,,,,,,,,
37,2026-07-13 18:17:08,4,5,5,5,5,1,,,,,,9d3fc2f4-96de-4875-af7f-6902dc6608dc,wEO-wRAM,18.43,,,,,,,,,,,
38,2026-07-21 16:38:23,2,6,6,6,6,1,,I thought carefully before making my selection.,It probably had no effect.,Gaining positive outcomes — such as noticeably improving discomfort.,None for now.,dd792365-b2c1-4a6e-8a2d-c9a9cd0e531d,wEO-wRAM,30.23,,,,,,,,,,,
39,2026-07-17 17:09:47,4,5,5,5,5,1,,Yes,No,Improving health.,No,3fced159-18f7-455b-bb1d-c17beb39bbdb,wEO-wRAM,7.98,,,,,,,,,,,
40,2026-07-13 16:43:44,5,6,6,6,6,1,,No,No,Avoiding negative outcomes.,No,38100bb0-5c10-464f-bf17-42be83ced56f,wEO-woRAM,8.33,,,,,,,,,,,
41,2026-07-13 21:56:21,1,6,7,6,6,2,I may emphasize my pain because I feel the doctor might not take it seriously.,No,"No, it didn't.",Increasing my flexibility of movement and participation in outdoor activities.,No,d7627bbd-e2ce-4eaa-bf6f-167169473cd6,woEO-woRAM,14.45,,,,,,,,,,,
42,2026-07-13 22:29:44,6,3,7,5,5,2,My parents accompanied me to the appointment; or I forgot to mention some of my symptoms during the appointment.,"My internet connection was slow, so the slider was a bit delayed.",Yes.,"Positive outcomes, especially those that strengthen the brain, give me more motivation to move forward.",No,aa4a6998-8647-4a2c-848c-d28a8db0f077,wEO-wRAM,17.70,,,,,,,,,,,
43,2026-07-14 19:57:17,4,5,4,3,5,1,,,,,,83a446bc-ab88-4d23-a224-ef0b98729863,wEO-wRAM,8.63,,,,,,,,,,,
44,2026-07-14 16:05:53,3,6,6,6,4,1,,,,,,e660a5e1-7c74-4acc-a56f-102af2307dab,woEO-woRAM,15.73,,,,,,,,,,,
45,2026-07-13 16:09:56,7,7,7,7,7,1,,It was easy to use.,No,Gaining more professional knowledge.,No,ca8323e1-6803-45e6-887d-77f2c6b7ab7f,wEO-wRAM,7.13,,,,,,,,,,,
46,2026-07-14 0:35:15,5,7,7,7,7,1,,I spent more time thinking about the degree of my response.,"Yes, it did.",Being a more beautiful version of myself.,None at the moment.,c7d68c3e-48af-4fc2-bdd7-964df400b751,woEO-wRAM,7.63,,,,,,,,,,,
47,2026-07-13 19:29:36,6,6,6,6,6,1,,No,No,No,No,6ee1662f-acff-4b0f-992e-9d372adfa9d7,woEO-wRAM,15.77,,,,,,,,,,,
48,2026-07-13 16:21:19,1,7,7,7,7,1,,No,No.,Improving health.,No,002267ef-1893-4bb5-8b7b-cc0e6512c0d0,wEO-wRAM,9.77,,,,,,,,,,,
49,2026-07-22 10:43:59,6,6,6,6,6,1,,The slider felt a little rigid.,It was okay.,Paying attention to daily diet and exercise.,Amount of exercise and physical activity.,b8dd3642-3303-407b-9242-3cbecbe3d68a,wEO-woRAM,18.45,,,,,,,,,,,
50,2026-07-13 16:43:07,3,7,7,7,7,1,,I needed to think a little about what each direction of the slider represented.,"Yes, same as above.","Probably avoiding negative outcomes — last year my weight hit an all-time high and I was severely overweight. I saw a doctor and dietitian to discuss healthy eating, and over a year I got my BMI back to normal by working hard on diet and exercise because I was overweight.",No,be1c6d36-6c5d-4628-a9dd-d92485d1aa39,wEO-woRAM,40.90,,,,,,,,,,,
51,2026-07-13 18:49:57,1,7,6,7,6,1,,No,No,No,No,69db3def-2993-445e-9678-342d65184f7f,wEO-wRAM,146.90,,,,,,,,,,,
52,2026-07-14 0:07:43,4,2,5,5,5,1,,No,No,Improving health.,No,72409dcd-98fd-443f-b4f1-5683a65c5c7c,woEO-woRAM,7.08,,,,,,,,,,,
53,2026-07-14 10:00:25,3,7,7,7,7,1,,"Numbers should be displayed on the slider because sometimes when selecting values like 3 or 4, I was not sure whether I had adjusted the slider accurately.
","Yes, it did.",No,No,66cff91e-69d9-419f-ae64-897842f6d9d0,woEO-woRAM,8.60,,,,,,,,,,,
54,2026-07-13 19:37:44,5,6,5,5,6,1,,,,,,0b99d191-a2c7-4779-8c95-b8ee79d82529,wEO-wRAM,8.05,,,,,,,,,,,
55,2026-07-22 21:59:29,4,7,7,7,7,1,,"The visualization could be improved, but this way of answering was good.",No,"Mostly positive outcomes, and trying to avoid negative ones — drinking a bit more healthily, not drinking bubble tea, etc.",No,0b647bef-53ec-4260-881a-affa554205e1,woEO-wRAM,15.47,,,,,,,,,,,
56,2026-07-14 8:19:28,1,6,6,6,6,1,,No,Hard to notice.,Wanting to improve my body.,The spiritual/mental dimension.,39f96368-50ca-4c89-ad32-ce26f2376630,wEO-wRAM,8.22,,,,,,,,,,,
57,2026-07-16 0:05:44,3,6,6,6,6,2,Portray my health as better than it actually is.,I could not directly understand the feeling through numbers.,No,Positive outcomes like being able to improve physical condition are more motivating.,No,b3245bbd-22f6-40db-a1b7-c476e685a8d3,woEO-woRAM,11.88,,,,,,,,,,,
58,2026-07-13 21:07:17,4,4,4,4,4,1,,No,No,Improving health and gaining vitality.,No,562ac382-7251-4ea9-8a62-ccf7bb3f2624,woEO-woRAM,6.97,,,,,,,,,,,
59,2026-07-17 10:18:44,1,6,6,6,6,1,,No,No,Avoiding illness — I only pay attention when something goes wrong.,No,6197a6ca-d916-4d14-a946-46eacb7a4d98,wEO-wRAM,11.25,,,,,,,,,,,
60,2026-07-13 17:44:12,4,7,7,7,7,1,,"No, everything went smoothly.",No,"Reducing my chances of getting sick, improving my body shape, and being more likable.",No,87199c94-1275-4d66-b8ce-1bc27d125b97,wEO-wRAM,8.42,,,,,,,,,,,
61,2026-07-13 16:50:20,5,6,6,6,6,1,,No,It didn't have any effect.,No,No,93fbdad3-a143-41b1-a4f3-1c9bf2486879,woEO-wRAM,8.47,,,,,,,,,,,
62,2026-07-14 13:51:19,1,5,6,6,5,1,,Yes,Yes.,No,No,6a8791c4-bdec-4c63-a655-42a24e15a599,woEO-woRAM,11.38,,,,,,,,,,,
63,2026-07-13 17:28:35,4,6,6,6,6,2,Sometimes I have difficulty clearly explaining my actual condition.,I checked how many positions the slider had.,Being less direct had some effect.,"Avoiding negative outcomes — if you don't eat certain things, certain things won't happen.",No,3c8ac542-3850-4225-9a58-60b11cbd88c3,woEO-woRAM,9.57,,,,,,,,,,,
64,2026-07-13 16:52:42,7,6,6,6,6,1,,No,No,Improving health.,No,9d0867ac-a8a9-4b25-aa5e-88ed7e0a9218,woEO-wRAM,8.97,,,,,,,,,,,
65,2026-07-22 12:03:36,7,7,7,7,7,1,,Very good,No.,Being able to move freely in daily life.,No,9a0a1e5d-3d8f-49e5-825b-a50eebab9d09,wEO-wRAM,16.25,,,,,,,,,,,
66,2026-07-13 16:20:04,6,5,5,5,5,2,I am not sure I can describe my condition effectively.,No,No,Improving health.,No,b1f10dfb-7a3a-4461-a914-14d6c375256d,woEO-wRAM,11.80,,,,,,,,,,,
67,2026-07-13 20:57:48,5,5,6,4,5,2,It is difficult to achieve all of them.,No,I hesitated a bit.,Life goes on as usual.,No,df86c443-d2e7-486c-a94e-b719f177677f,wEO-woRAM,7.78,,,,,,,,,,,
68,2026-07-17 1:16:51,2,7,7,7,7,1,,No,No,Boosting vitality.,No,377ee147-a2db-48aa-909c-29b587375fc3,woEO-wRAM,10.97,,,,,,,,,,,
69,2026-07-21 16:19:13,5,6,7,6,6,2,The details that come to mind at the moment.,"Without numerical labels, it was more difficult to express my response accurately.",No,Gaining vitality.,No,2afe0794-98e0-42fe-8db0-6e819bb63f07,woEO-woRAM,11.58,,,,,,,,,,,
70,2026-07-13 16:42:00,7,4,4,4,4,1,,No,No,Gaining vitality.,No,4c3bf101-0518-48ea-bb9c-e1ea4e5d74af,wEO-wRAM,6.72,,,,,,,,,,,
71,2026-07-14 10:49:18,7,5,5,5,5,1,,,,,,94176d4b-7de7-4e3a-9cb4-5b5e12a822aa,wEO-wRAM,23.72,,,,,,,,,,,
72,2026-07-13 19:11:17,1,6,6,6,6,1,,No,Yes.,Improving stamina and strengthening health.,No,3a3a8e0e-f3d4-404a-a04c-9835d2a6eb4c,woEO-wRAM,7.57,,,,,,,,,,,
73,2026-07-22 18:21:42,1,7,7,7,7,1,,"Using the slider felt no different from selecting a checkbox.
",No.,Improving health means preventing illness — it's especially important.,No,3b46d533-73b4-4c92-ae86-ec87ceb5fac5,woEO-wRAM,26.50,,,,,,,,,,,
74,2026-07-13 18:20:28,3,6,6,6,6,2,I am afraid of being blamed.,It was okay.,No.,Improving physical constitution and appearance.,Probably nothing.,51ee9ec4-cb51-44f9-8d61-08d99f1ccf9b,woEO-woRAM,13.25,,,,,,,,,,,
75,2026-07-13 16:36:16,1,6,6,6,6,1,,No,No,Providing a reward mechanism.,No,a8ce1cd9-6356-4eb6-806d-5a395806d45d,woEO-woRAM,7.92,,,,,,,,,,,
76,2026-07-13 16:38:50,4,7,7,7,7,1,,It was very unique.,No.,Gaining vitality.,No,5fc5816e-1ee5-4e4d-9683-dd02202f9a8a,wEO-wRAM,7.75,,,,,,,,,,,
77,2026-07-14 12:18:40,1,6,6,6,6,1,,"It was not smooth.
",No.,Worsening health.,No,ba2512cb-7a02-4ad4-8b35-107383138e47,woEO-wRAM,9.63,,,,,,,,,,,
78,2026-07-13 20:50:25,5,4,4,4,4,1,,it's okay,Still okay.,Still okay.,It was okay.,788596f8-b6de-4fab-a073-b7c124b6b8e2,wEO-wRAM,8.17,,,,,,,,,,,
79,2026-07-16 19:33:56,5,5,4,4,3,1,,yes,Yes.,Being able to receive extra incentives.,No,e5d8f569-24d2-407a-972b-f66eeb36032e,wEO-wRAM,7.60,,,,,,,,,,,
80,2026-07-13 16:54:20,5,6,7,6,6,1,,No,No,When trying to avoid a decline in health.,No,54a0865e-962b-4505-98f0-8128e0ee4e96,wEO-wRAM,17.02,,,,,,,,,,,
81,2026-07-13 16:48:42,7,5,4,4,4,2,I openly tell the doctor whenever I feel uncomfortable.,No,No,"I just want someone to encourage me to exercise, for my allergic cough.",No,cf7be0a5-ed06-4e64-bfc4-d3619bce83f7,woEO-wRAM,11.15,,,,,,,,,,,
82,2026-07-13 16:35:44,3,7,7,7,7,1,,No,No,Worsening health.,No,1701613a-42a3-469c-abce-86de3f146efb,wEO-woRAM,7.65,,,,,,,,,,,
83,2026-07-14 1:36:24,7,5,5,5,5,1,,I observed how to operate it in order to proceed to the next step.,No.,Reminding myself to eat healthily.,No,6c182c99-2176-4aaa-beb5-497079790720,wEO-woRAM,15.45,,,,,,,,,,,
84,2026-07-22 12:46:53,3,6,6,6,6,1,,I checked whether I had completed the operation.,A little.,Improving health and gaining vitality.,No,78244ec6-04bf-4bba-b486-79a512f4af34,wEO-woRAM,11.68,,,,,,,,,,,
85,2026-07-19 21:11:05,7,7,7,7,7,1,,,,,,3605da92-3fbd-4465-98a6-dfe22546c8c3,wEO-woRAM,89.95,,,,,,,,,,,
86,2026-07-13 23:58:56,6,7,7,7,7,1,,I did not quite understand why it was designed as a continuous scale rather than a discrete scale like a Likert scale.,Yes.,Gaining positive outcomes.,No,879a254e-0a75-4019-b210-a7ccf11353f2,wEO-woRAM,12.60,,,,,,,,,,,
87,2026-07-13 16:12:12,3,7,7,7,7,2,I feel a sense of guilt.,Yes,Yes.,Avoiding negative outcomes.,No,8d2cc892-bbfc-4633-ba20-4c7bf74359d9,woEO-wRAM,8.62,,,,,,,,,,,
88,2026-07-13 16:13:56,7,6,6,6,6,1,,,,,,afbef109-128c-45f6-837e-7e1b5c1e6453,wEO-wRAM,7.70,,,,,,,,,,,
89,2026-07-13 17:18:38,4,6,7,6,5,1,,I just estimated a range based on my feeling.,No — it was easy to use.,Being able to lose weight has the biggest impact.,Probably nothing.,3bd3b45d-37d0-4707-ae96-0359b2c12a0e,woEO-woRAM,17.70,,,,,,,,,,,
90,2026-07-13 16:48:44,5,6,7,6,6,1,,One step one day.,No,Improving health.,"No, thank you.",b611ed52-cb0e-46a8-8d4b-a93cb7f39379,wEO-wRAM,9.08,,,,,,,,,,,
91,2026-07-21 17:05:56,6,6,7,7,7,1,,I felt uncomfortable using the mouse to drag the slider continuously.,No.,Being able to travel and play everywhere.,,87ff1927-eacf-4e56-90f6-e6cef38f3d72,wEO-woRAM,39.35,,,,,,,,,,,
92,2026-07-13 16:12:31,4,6,6,6,6,1,,No,No,Reducing the number of uncomfortable days.,No,93a63c81-9b1f-4119-8500-653d41ea499c,wEO-woRAM,7.53,,,,,,,,,,,
93,2026-07-17 15:35:33,5,5,5,5,5,1,,Yes,Yes.,Gaining vitality.,No,3652b5d1-9084-44bc-ab21-72fa3734dc71,woEO-wRAM,15.80,,,,,,,,,,,
94,2026-07-22 10:55:50,5,6,6,6,6,1,,Special,No,Positive.,No,9decd149-ad28-453e-8a99-97b4e10e2acd,wEO-woRAM,19.52,,,,,,,,,,,
95,2026-07-22 23:44:42,7,7,6,6,6,1,,NO,No.,Exercise.,,e312f481-fa5b-45e2-8a52-3836d154359f,wEO-woRAM,7.80,,,,,,,,,,,
96,2026-07-21 18:30:38,5,5,6,4,5,2,I am afraid of being criticized.,It was not very easy to operate.,It was okay.,Avoiding negative outcomes — the stimulus is stronger.,No,bf3b02cd-e13e-4416-a411-b5986e4f7d54,wEO-woRAM,20.02,,,,,,,,,,,
97,2026-07-15 22:18:35,1,4,5,5,5,1,,No,No,Making myself more agile.,No,a95945bd-4fef-445e-8b40-763e4fb3499f,woEO-woRAM,16.37,,,,,,,,,,,
98,2026-07-13 20:14:35,4,7,7,7,7,2,"I forgot or did not notice it at the time, but remembered it afterward.",It felt similar to using a percentage scale.,"A little, but the slider was laggy, so it wasn't very noticeable.","You only think about health when you're sick — the more you can't have it, the more you want it.",Can't think of any at the moment.,227bdf01-3ac8-429b-a035-11daaec03a24,wEO-wRAM,17.38,,,,,,,,,,,
99,2026-07-16 18:42:06,1,5,5,5,5,1,,No,No,No,No,bbdde3ab-4b1b-411d-92bb-bdfedecd149f,wEO-woRAM,11.47,,,,,,,,,,,
100,2026-07-21 16:29:25,6,4,4,4,4,,,,,,,b99c5b0f-1f41-43dc-86f2-ffbf8e3292fa,wEO-woRAM,8.98,,,,,,,,,,,
101,2026-07-15 9:42:03,1,6,6,6,6,1,,No,,Hoping to lose a bit more weight to be healthier.,No,9280e3dd-549a-4f09-b694-0abc98cc7a0b,woEO-woRAM,9.55,,,,,,,,,,,
102,2026-07-13 16:40:11,5,6,6,5,5,1,,有,No,"Positive — for health, less doctor visits, and even in old age I can still move freely.",No,47ed21ae-e004-4be0-96c7-bfe38be29ab2,wEO-wRAM,16.88,,,,,,,,,,,
103,2026-07-19 9:26:46,4,5,5,5,5,1,,,,,,0161bfc5-664b-4af1-a8e1-fc8d7e7b29f9,wEO-wRAM,11.13,,,,,,,,,,,
104,2026-07-13 18:52:20,2,6,6,6,6,2,Differences in past experiences,It gave me a greater sense of control.,Yes.,Becoming a better version of myself.,Nothing for now.,fab0f216-0ef0-4d17-917a-728ce15d5439,woEO-wRAM,7.72,,,,,,,,,,,
105,2026-07-22 23:23:59,7,6,7,7,7,1,,No,NO,Obesity.,,0c727ff4-8f48-4e76-90ec-5cb0efa1c54c,woEO-woRAM,13.75,,,,,,,,,,,
106,2026-07-21 23:09:52,6,7,7,7,7,1,,The lack of intermediate numbers made me question whether I had selected an accurate response.,No,Gaining positive outcomes — what foods to eat more of and what exercises to do.,No,a51c08d8-1f42-4a0e-b53c-31f9a7194d63,woEO-woRAM,189.78,,,,,,,,,,,
107,2026-07-16 16:32:47,1,6,6,6,6,1,,Simple,No.,Improving health.,No,e87e661e-0446-426d-8516-1ccfa588138a,woEO-woRAM,14.87,,,,,,,,,,,
108,2026-07-16 17:12:28,3,6,7,6,6,1,,"No, there were no issues with answering in the same manner.",No.,Positive outcomes motivate me more — they mean my effort gets real feedback and isn't wasted.,No,2439961d-75f5-4f81-acfc-6dbda7609e48,woEO-wRAM,38.25,,,,,,,,,,,
109,2026-07-13 17:03:51,5,6,7,6,6,1,,It was a bit laggy.,It was okay.,,No,3d9c20f5-bbdc-440b-be75-aecb34e7fd5e,wEO-wRAM,7.12,,,,,,,,,,,
110,2026-07-13 16:20:34,7,5,5,5,5,1,,Yes,Yes.,Avoiding negative outcomes — I don't want my health to decline.,Menopause.,61cebafe-2dab-490c-b151-84ba39b45a9e,woEO-woRAM,11.07,,,,,,,,,,,
111,2026-07-21 21:54:02,6,5,5,6,5,1,,No,No,No,No,845838d6-112e-4dbd-82fb-f58fe878e952,wEO-wRAM,8.63,,,,,,,,,,,
112,2026-07-14 8:12:51,6,6,6,6,6,1,,Yes,Yes.,No,No,f13ac1fe-f7cf-4b36-9371-5b3af21482e4,wEO-woRAM,10.60,,,,,,,,,,,
113,2026-07-15 13:37:29,5,6,6,6,5,1,,"If there were score ranges displayed, it might make the selection clearer.
","Yes, it did.",Gaining positive outcomes: everyone prefers knowing how to prevent illness.,"The illness options could cover more — for example, eye conditions and high cholesterol are common modern diseases.",31e2e1cf-a04e-47bd-9b9a-fabdd71e738e,wEO-wRAM,18.70,,,,,,,,,,,
114,2026-07-22 16:11:37,3,6,7,7,7,1,,"Because the slider only showed the two extremes, the states in between felt somewhat unclear.",It increased my hesitation and thinking time.,"Gaining positive outcomes — I hope to become healthier, pursue healthy aging, and don't want bad habits to negatively affect my body.",,38e56dc8-9422-4c57-a34d-5eef3604e8e5,woEO-woRAM,13.85,,,,,,,,,,,
115,2026-07-13 16:16:39,3,7,7,7,7,1,,No,No.,Avoiding negative outcomes — not having bad results fits my habits better.,No,313b01c2-8cc5-4991-a70c-5cc5e3e66b50,wEO-wRAM,9.68,,,,,,,,,,,
116,2026-07-19 11:04:44,2,5,6,6,6,1,,,,,,47e28a9c-7e82-4558-80c8-5dacbcc4c100,woEO-woRAM,25.37,,,,,,,,,,,
117,2026-07-13 16:16:46,5,6,6,6,6,1,,It's okay,No.,Reducing the risk of getting sick in the future.,Nothing in particular.,bda08d58-6036-4072-a349-69d8bbec3e6e,woEO-wRAM,10.67,,,,,,,,,,,
118,2026-07-15 19:17:31,7,7,7,7,7,1,,Having to start dragging from the beginning was inconvenient.,Yes.,Positive outcomes — being healthy and not suffering from illness.,NO,b8686fff-8b31-4256-8b16-b3a292862715,wEO-wRAM,41.55,,,,,,,,,,,
119,2026-07-21 16:52:52,2,5,6,6,6,1,,"I could not change my answer after checking the box.
",Yes.,Weight and body shape.,,17be95cd-b616-4255-8193-a279f1c42aef,woEO-woRAM,9.10,,,,,,,,,,,
120,2026-07-13 22:13:12,5,5,5,5,5,1,,no,no,Ways to improve.,no,1cecc1e9-a4a9-4556-8e6e-8e2ff3d8772b,wEO-woRAM,11.75,,,,,,,,,,,
121,2026-07-13 17:12:25,1,6,6,6,6,1,,Yes,Yes.,Level of health.,,69b804e3-6b97-43db-81c9-35013df003c4,wEO-wRAM,10.98,,,,,,,,,,,
122,2026-07-17 13:16:40,1,7,7,7,7,2,I feel embarrassed to disclose my unhealthy lifestyle habits.,Nothing special,No effect.,Avoiding a decline in health.,Nothing for now.,e26da4de-37b0-4bfa-b82c-5e9ccf5ff49b,wEO-woRAM,25.57,,,,,,,,,,,
123,2026-07-13 17:16:46,5,5,5,5,5,1,,It was difficult to drag.,"Yes — dragging takes more time, and I might not answer as intuitively.",Not wanting to lose the ability to live independently.,No,b07171f4-ca61-495c-85dd-cd8d3b36a9c4,woEO-wRAM,25.40,,,,,,,,,,,
124,2026-07-14 14:19:21,5,6,6,6,6,1,,The slider could represent the actual situation better than simply choosing from four or five fixed options.,No,Doing a bit of exercise every day to prevent muscle loss while also improving cardio endurance.,No,eba4ad20-0328-418b-ac81-9158dbc6f818,wEO-woRAM,13.28,,,,,,,,,,,
125,2026-07-22 11:24:02,6,6,6,6,6,1,,No,No effect.,Avoiding a decline in health.,No,158fb5f9-48af-429f-bf84-e1a4a49f30e8,woEO-woRAM,15.07,,,,,,,,,,,
126,2026-07-14 11:21:56,7,7,7,7,7,1,,"I felt that it was not very easy to use.
",A slight effect.,"Avoiding negative outcomes — for example, if I knew that not improving my health would lead to serious illness, I'd work harder to improve.",No,930a6abb-101d-4af6-82e2-6fc43d288c09,wEO-wRAM,11.40,,,,,,,,,,,
127,2026-07-17 8:39:34,5,6,6,6,6,1,,No,No,Getting sick.,No,44329f48-5fb3-4697-bc11-8b9a23499859,wEO-woRAM,11.72,,,,,,,,,,,
128,2026-07-13 17:23:10,4,4,4,4,4,1,,No,No,Good.,No,0d458cfd-852b-449d-8682-009570ad322a,wEO-woRAM,9.38,,,,,,,,,,,
129,2026-07-14 16:51:51,2,7,7,7,7,1,,,,,,4a1fc0db-fba5-459c-83e7-c926b516af3f,wEO-woRAM,23.78,,,,,,,,,,,
130,2026-07-21 20:29:31,6,3,3,5,5,2,Sometimes I want to present myself in a more favorable way.,A bit laggy,"It affected the smoothness of my answering, making me not want to answer carefully.",Avoiding negative outcomes.,No,ded1f7a6-e18e-4c6c-9488-3def4a86afee,wEO-woRAM,8.03,,,,,,,,,,,
131,2026-07-20 21:04:54,2,6,7,6,7,1,,,,,,ffbb42b5-ea03-4c6d-8e7a-0e8f94e28383,wEO-wRAM,16.70,,,,,,,,,,,
132,2026-07-17 12:38:13,6,6,6,6,6,1,,It was difficult to slide and not easy to drag.,Yes.,Hoping doctors would proactively tell patients about positive aspects and treatment options.,,edc7e9a4-3f43-4e37-a18a-270a11b1a128,woEO-wRAM,12.97,,,,,,,,,,,
133,2026-07-13 18:22:22,7,6,6,6,6,1,,No,No,Improving health.,No,bca1929b-c12f-4aec-836d-b326334173e0,woEO-woRAM,10.38,,,,,,,,,,,
134,2026-07-13 16:20:19,6,6,6,7,6,1,,"It was not very smooth.
",No,Better body shape and spirit push me to keep paying attention to a healthy diet and lifestyle.,No,db1b0592-02fb-4d84-9031-843c345bd660,woEO-woRAM,7.48,,,,,,,,,,,
135,2026-07-17 11:33:21,2,4,4,5,4,1,,No,No.,Improving health and gaining vitality.,No,047846ac-31ca-4a82-8141-0819762fd46f,wEO-wRAM,8.02,,,,,,,,,,,
136,2026-07-18 19:06:59,2,6,6,6,6,1,,It was a bit difficult to distinguish the seven days of the week.,But not being too precise actually let me reflect my true feelings.,"When I clearly feel the effects, it's more motivating.","For the first disease question, eating disorders could be added.",364c1f6c-3caf-40d3-88d7-c3de4421bce4,woEO-woRAM,12.32,,,,,,,,,,,
137,2026-07-19 15:08:43,1,6,5,6,6,1,,No,No,Improving health.,No,55b5ea6e-8c82-4fc7-b75f-1337f5148fdb,wEO-woRAM,10.18,,,,,,,,,,,
138,2026-07-13 16:26:10,7,5,6,6,7,1,,No,No.,Health getting worse and worse.,No,38e16837-6d97-4d59-936c-5473c6b607d3,wEO-woRAM,13.43,,,,,,,,,,,
139,2026-07-22 8:03:15,1,5,6,6,6,1,,Yes,Yes.,Improving symptoms and improving health.,No,03b6dbe2-ec27-4392-bf1e-4c319b7c6af8,wEO-woRAM,12.12,,,,,,,,,,,
140,2026-07-14 15:16:00,4,7,7,7,7,1,,,,,,5bc261c4-e2b0-4183-9681-0e2adb1204af,woEO-woRAM,17.53,,,,,,,,,,,
141,2026-07-14 16:29:05,6,4,5,5,7,1,,No,Yes.,Exercising more.,No,1b2b2917-266b-47ec-bcc4-e33fddb0f216,wEO-wRAM,8.93,,,,,,,,,,,
142,2026-07-13 16:34:41,1,7,6,7,6,1,,Hard to slide.,No.,Improving health.,No,da4340ce-6db8-4a57-9e0a-9011bac7c1e0,wEO-wRAM,17.15,,,,,,,,,,,
143,2026-07-15 10:45:17,6,5,6,5,5,1,,No,A bit.,Improved body shape.,No,283781a9-46c5-4c7b-be12-2587a4de9fa9,wEO-woRAM,9.65,,,,,,,,,,,
144,2026-07-13 16:09:53,6,3,5,5,5,2,My health condition varies over time.,No,No,Avoiding negative outcomes.,,9d08f445-9cdf-42ce-b5e7-8b4815dc4eb3,wEO-wRAM,7.32,,,,,,,,,,,
145,2026-07-16 23:42:55,6,7,6,7,7,1,,Quite convenient.,It didn't affect me.,"For me, gaining positive outcomes is more motivating. Thinking about being more energetic, having better stamina, and sleeping better after improving my health gives me more motivation to keep exercising and maintain healthy habits.",No,27da0eea-397c-40a3-9a8e-1e053c219aaa,wEO-woRAM,8.65,,,,,,,,,,,
146,2026-07-17 13:21:03,4,7,7,6,6,1,,Yes,No effect.,Avoiding getting sick.,No,e548eb37-2ddd-4102-9310-e17f11f94f6d,wEO-woRAM,17.48,,,,,,,,,,,
147,2026-07-22 15:38:54,1,5,5,5,5,1,,No,No,Getting sick.,No,c2aa156a-85ae-49d6-8f2e-aaf1308d85a7,woEO-wRAM,10.58,,,,,,,,,,,
148,2026-07-13 18:04:04,5,5,5,5,5,1,,No,No,Avoiding getting sick.,No,1325052d-1953-48f1-b3b8-45c191e8df10,woEO-wRAM,9.68,,,,,,,,,,,
149,2026-07-13 22:35:58,2,6,6,6,6,1,,No,No.,Exercising regularly.,No,6a899f63-fe26-4591-beb5-31cd7c06df70,wEO-woRAM,9.57,,,,,,,,,,,
150,2026-07-15 10:14:16,6,6,6,6,6,1,,No particular feeling.,No effect.,,,d2abc2cf-8dbf-461e-bf6b-25c8662b9790,woEO-woRAM,8.78,,,,,,,,,,,
151,2026-07-16 16:16:23,6,4,6,6,6,1,,No,No.,Improving health and preventing illness.,No,5ca27397-e42d-4b88-b0d0-1ae1bec99d66,wEO-wRAM,12.33,,,,,,,,,,,
152,2026-07-13 16:24:13,1,7,7,7,7,1,,No,No effect.,Gaining vitality and avoiding illness.,,4c7f3e7b-8c4b-4abe-b687-1db3c651a063,woEO-woRAM,10.43,,,,,,,,,,,
153,2026-07-13 16:12:44,5,3,4,5,5,1,,Not a very precise way to measure.,"Yes, it did.",Feeling better both mentally and physically.,No,530eed87-15fc-49d5-84ae-fb9d97970aa2,wEO-woRAM,8.68,,,,,,,,,,,
154,2026-07-22 13:54:29,3,5,5,5,5,1,,No,No,Improving health.,No,8077b857-e3c1-4529-8f95-013297146f53,woEO-woRAM,26.55,,,,,,,,,,,
155,2026-07-13 16:33:54,5,5,6,5,5,1,,I felt using a slider instead of choosing a score was a bit vague.,It was okay — didn't affect me much.,"Positive outcomes: becoming healthier, stronger, and more energetic — more motivating for me.",,11a9a624-5a59-4160-94b0-6f12818f9e57,wEO-woRAM,18.57,,,,,,,,,,,
156,2026-07-13 16:27:13,1,6,6,6,6,1,,"The questions were very detailed, and some were things I had never thought about before.",A little.,Improving health.,No,aa497969-975d-48d2-ae1a-5f36cf3e323c,wEO-wRAM,11.37,,,,,,,,,,,
157,2026-07-13 21:18:47,7,6,6,6,6,1,,"I still prefer entering numbers — since it's about 7 days, typing a number is faster. Sometimes it was more like 3–4 days, and I'm not that confident in my memory.","Yes, because I wanted to answer a bit more accurately.","If doing something could completely rid me of my current illness, I'd be highly motivated. But if it just improves health in general, I'd feel hopeless — it's not going to fully get better anyway. Taking care of my health might improve my future quality of life, but if I eat something that severely worsens my condition, I could just die and that's it. Many chronic illnesses drag on and on, but life is really hard — why can't we choose to be happy? Especially for people who love eating, having to restrict food is really devastating.",No,53af97ac-746e-4beb-969e-fd806dec3ec9,woEO-wRAM,10.80,,,,,,,,,,,
158,2026-07-13 16:09:49,2,4,5,5,4,1,,,,,,6174c655-6c1a-498d-807f-1212bdc26a1a,wEO-wRAM,7.60,,,,,,,,,,,
159,2026-07-21 5:10:04,7,6,6,6,6,1,,No,A little.,Positive responses.,No,d97bc591-b351-463d-8814-e09e180c576a,wEO-wRAM,17.82,,,,,,,,,,,
160,2026-07-13 21:16:29,5,6,6,6,6,1,,The proportions were a bit hard to gauge.,Yes.,Avoiding illness so I can be in control of my quality of life.,,be524742-b73f-4bdc-97c7-af44170aea87,wEO-wRAM,12.93,,,,,,,,,,,
161,2026-07-13 22:23:19,4,5,4,4,5,1,,No,No,No,No,e53a1b3e-19ea-477e-bc30-d02e2372eb87,woEO-wRAM,7.42,,,,,,,,,,,
162,2026-07-21 23:32:39,4,4,4,4,5,1,,No,No,Avoiding negative outcomes.,No,ae472498-721f-4877-b71e-03d27df8d7ca,wEO-woRAM,7.07,,,,,,,,,,,
163,2026-07-13 16:18:33,1,7,7,7,7,1,,No,No,Worsening health.,No,b5ad5d66-d7c1-458d-beac-a7aae96cc628,wEO-woRAM,7.27,,,,,,,,,,,
164,2026-07-15 23:58:39,3,6,6,6,6,1,,No,No,Positive outcomes: becoming healthier.,No,bb6eb4a3-b425-4d1e-99fc-512eac21606e,wEO-woRAM,12.35,,,,,,,,,,,
165,2026-07-18 16:38:30,5,4,4,4,4,1,,No,No,Avoiding negative outcomes.,No,bc29df4a-40e9-4d2b-8077-ae32e62fdd69,woEO-wRAM,9.72,,,,,,,,,,,
166,2026-07-14 12:18:59,1,6,6,6,6,2,I am afraid of being scolded.,It's just based on a feeling.,The slider didn't affect me.,Avoiding negative outcomes — serious illness.,"If possible, I'd rather not see a doctor.",a2d9f82b-64c9-42d3-804e-8b70ef56e130,wEO-woRAM,8.68,,,,,,,,,,,
167,2026-07-22 9:08:25,4,6,6,6,6,1,,No,No.,Having time to plan.,No,5e5e3437-004e-4f12-896a-6b4d7814d800,woEO-wRAM,12.62,,,,,,,,,,,
168,2026-07-13 17:02:12,5,3,4,3,4,1,,Not very intuitive to use.,Sometimes I couldn't judge in numeric terms.,Reducing illness and pain.,No,cda0d7d1-b683-44b5-8da9-91a2be829025,wEO-woRAM,7.17,,,,,,,,,,,
169,2026-07-13 16:29:02,7,7,7,7,7,2,Impatient,It felt like there was no middle option.,Yes.,Having a goal and improving health.,Part of the survey in the middle — I really didn't understand what I was filling in.,255781b5-322a-456f-af0c-d10449e3dcfd,woEO-wRAM,11.77,,,,,,,,,,,
170,2026-07-13 19:05:19,1,7,7,7,7,1,,"Yes, the way of answering was good.",It didn't affect me.,"Eating healthily — trying not to eat junk food, eating more vegetables, and exercising more.",No,7c8b6b7a-9dbe-4e1d-b269-ccba1cc7b818,wEO-wRAM,15.72,,,,,,,,,,,
171,2026-07-21 17:15:52,7,6,6,6,6,1,,Hard to use.,"Yes, it did.",Extending lifespan.,No,a32adc6c-2cc1-4f77-bb2a-153f33faef9c,wEO-woRAM,7.53,,,,,,,,,,,
172,2026-07-21 16:23:34,5,6,7,6,6,1,,No,No,Avoiding my physical condition getting worse.,No,ea283334-54dd-4599-b72c-5ea58353bf17,woEO-woRAM,8.57,,,,,,,,,,,
173,2026-07-14 1:54:51,2,4,5,5,5,1,,No,No,"Gaining positive outcomes — with exercise, muscles need constant training to build endurance for handling life's tasks big and small.",No,d942b940-00d0-46ed-8d83-9364988b2ce0,wEO-woRAM,72.23,,,,,,,,,,,
174,2026-07-14 11:24:40,5,7,7,7,7,1,,No,No,Avoiding illness or a decline in health.,No,6e1e60dd-6ae7-43ae-bb8e-015125eedaef,wEO-woRAM,31.08,,,,,,,,,,,
175,2026-07-13 16:20:46,5,5,5,5,5,1,,Hard to slide — or maybe because my mouse isn't very sensitive.,No,Positive incentives are probably more motivating.,No,bb1da67b-b225-4855-b1ee-a94766a1a56a,woEO-wRAM,8.77,,,,,,,,,,,
176,2026-07-19 19:59:18,1,6,5,6,6,1,,No,No,"Improving health — for example, seeing clearly normal numbers on the health report.",No,20ac236a-55f4-48d3-967e-4b1ef58fb39c,woEO-woRAM,12.25,,,,,,,,,,,
177,2026-07-22 12:25:39,4,7,7,7,7,1,,"With the slider, I couldn't accurately slide to the score I wanted.","No, but it was hard to choose.",Improving health and enhancing beauty.,No,112499d8-1ca3-4122-bb54-f9d49f3f84bd,wEO-wRAM,29.32,,,,,,,,,,,
178,2026-07-14 1:23:02,5,6,7,6,7,1,,Cool.,More fair.,,,0da8dc3d-03a4-4ba8-ae9b-4a7c69d0a642,woEO-woRAM,28.35,,,,,,,,,,,
179,2026-07-15 10:50:50,6,7,7,7,7,1,,Easy to use.,No.,"Exercising daily to maintain stamina, setting travel goals, and using goal achievement as the benchmark.",No,83522672-e1d0-40a3-980b-46940a361420,woEO-wRAM,8.92,,,,,,,,,,,
180,2026-07-22 16:40:06,4,6,6,6,6,1,,Yes.,No.,Rewards.,No.,7eafe595-43e3-4a0a-a708-e46542de0e54,wEO-wRAM,11.77,,,,,,,,,,,
181,2026-07-13 17:48:54,2,6,6,6,6,1,,I wasn't sure how to quantify it.,It was okay — I went by feel.,Avoiding worsening — I have fatty liver and don't want it to get worse.,No,0d903dd8-d778-40c4-8b3e-be867ca0167a,wEO-woRAM,7.77,,,,,,,,,,,
182,2026-07-13 16:29:55,3,2,6,5,4,1,,I misread one question because the wording and options were reversed compared to earlier ones.,"Yes, it did.",Avoiding negative outcomes — fear of loss keeps me on alert.,No,245f8cbe-142d-44a1-95cb-bcb6527fae7c,woEO-woRAM,19.57,,,,,,,,,,,
183,2026-07-13 16:32:16,3,6,6,6,6,1,,No,No,"Improving health — wanting to be slimmer, more energetic, and have firmer skin.",No,ff110919-79aa-4c81-a6cb-990dc3a630ad,wEO-woRAM,12.28,,,,,,,,,,,
184,2026-07-22 22:33:05,2,7,7,7,7,1,,I didn't like the slider,Yes.,Chewing more.,No,096eb507-75bf-421c-9e67-0c2ab21f968e,woEO-woRAM,17.63,,,,,,,,,,,
185,2026-07-13 16:23:08,3,3,5,4,4,1,,The descriptions on both sides of the slider weren't visually salient. ,No different from a button.,"Avoiding negative outcomes — getting sick costs money and medication, taking more time and energy.",None.,85d9fc44-fabb-408c-a7d7-11ced8d269e5,wEO-wRAM,13.68,,,,,,,,,,,
186,2026-07-21 16:05:02,5,4,5,5,5,1,,,,,,ba51ba22-6c84-48f7-9ed1-f6179a405bac,wEO-woRAM,10.00,,,,,,,,,,,
187,2026-07-20 17:22:47,4,6,6,6,6,1,,Only being able to answer the survey on a computer is really inconvenient.,No,"Both — for myself and for my family, health is important.",No,063aea37-9fcd-42db-b1b5-b5e733efac22,woEO-wRAM,7.23,,,,,,,,,,,
188,2026-07-17 21:02:27,2,6,6,6,6,1,,Operating the slider with a mouse was a bit awkward.,No effect at all.,Positive outcomes.,,7cfe372e-45a5-4568-b088-44915504b921,woEO-woRAM,47.33,,,,,,,,,,,
189,2026-07-21 16:35:24,2,6,6,6,6,2,Differences in perception,The slider moved too coarsely; the cursor position didn't sync with the slider — there was lag.,It affected the answer I was thinking of.,"Positive outcomes motivate me more. Following the steps, what degree of results can be achieved.",Diet content and portions.,fdbc418a-7979-4005-89d8-63d77d34d42b,woEO-wRAM,20.78,,,,,,,,,,,
190,2026-07-13 16:23:50,5,5,5,5,5,1,,No,No,No,No,37fb910e-e611-4844-8d16-ae31e4d92254,woEO-woRAM,10.87,,,,,,,,,,,
191,2026-07-21 21:44:45,5,7,7,6,6,1,,,,,,4cb59ae4-95c5-4b77-bd26-4f297cd25dce,woEO-wRAM,9.70,,,,,,,,,,,
192,2026-07-13 17:11:20,7,7,7,7,7,1,,Nothing unusual.,No effect.,"To experience unfinished life missions, you can't do without a strong healthy body.",No,e6b6b0ed-658e-4079-8dea-9dbb7cf37453,wEO-wRAM,19.07,,,,,,,,,,,
193,2026-07-14 14:09:03,3,7,6,6,7,1,,You have to estimate the range yourself to move the slider to the position you have in mind.,Slightly affected.,Gaining positive outcomes is more motivating.,No,8c82fb21-77dc-486e-9b3e-65c4b1325a8a,wEO-wRAM,12.90,,,,,,,,,,,
194,2026-07-22 15:55:10,1,5,6,6,6,1,,Yes.,No.,Improving health.,No,bae7378d-2b41-4802-a6a2-869bec907368,wEO-wRAM,11.97,,,,,,,,,,,
195,2026-07-22 11:33:32,6,7,7,7,7,1,,Not very easy to slide.,Yes.,Avoiding negative outcomes — such as becoming a burden to my family.,No,f6328e6d-391b-4d8b-b842-f2d84e1054e9,wEO-woRAM,16.30,,,,,,,,,,,
196,2026-07-14 8:18:41,7,6,6,6,6,1,,No,No.,Health check-ups.,None.,4514ac4e-a6fd-4e6f-9061-a058436b3428,woEO-wRAM,11.17,,,,,,,,,,,
197,2026-07-13 16:39:58,7,6,7,7,7,1,,No,No effect.,Temporary — it'll be back to normal tomorrow.,No,8fb6dbcc-f454-4dcc-8f0a-b418c5f684f8,woEO-woRAM,13.65,,,,,,,,,,,
198,2026-07-13 17:02:29,2,6,6,7,6,1,,,,,,0826e08e-f4c0-4b86-818d-8b11788e625b,woEO-wRAM,7.00,,,,,,,,,,,
199,2026-07-13 16:12:08,3,6,6,6,6,2,I was too nervous to clearly explain the details.,I might have consciously or unconsciously slid one notch more or less.,Yes.,Gaining positive outcomes — I prefer the feeling of earning a reward through effort.,No,9342b13d-4045-4b97-9e6f-ddc50a5dc277,wEO-wRAM,7.03,,,,,,,,,,,
200,2026-07-13 16:43:12,7,7,7,7,7,2,The doctor may recommend eating more types of healthy foods.,Using the slider felt less convenient — clicking directly would be faster.,It didn't affect the outcome of my decisions.,Moderate exercise.,No,b9946a07-97cf-4546-ad25-11c6cce746ef,woEO-wRAM,9.45,,,,,,,,,,,
201,2026-07-13 16:30:26,2,5,6,6,4,2,I am unsure whether this applies to me.,Not very smooth.,No.,Avoiding getting sick.,No,40f1269f-8bba-458b-9e29-0bbcee11609c,woEO-woRAM,8.78,,,,,,,,,,,
202,2026-07-22 9:28:51,3,6,6,6,6,1,,Hard to slide.,No,Doctors' advice and family support.,No,fc8e7950-aaf9-4860-b1e9-7f3ae18b3faa,woEO-wRAM,15.93,,,,,,,,,,,
203,2026-07-16 16:27:42,5,6,6,6,6,1,,No,No,Improving my own resistance.,No,f8be0339-b86f-4cbb-8511-e8c15c16a482,wEO-wRAM,8.30,,,,,,,,,,,
204,2026-07-13 16:29:00,3,2,4,5,4,1,,No,No,Improving health.,No,9533d91d-c12a-4114-82ac-99e991e8346f,woEO-wRAM,15.72,,,,,,,,,,,
205,2026-07-22 9:28:18,5,7,6,6,6,1,,No,No,Being able to offer suggested plans.,No,8d923cd2-bf17-4646-bd9e-6cbc9c602f38,woEO-woRAM,10.32,,,,,,,,,,,
206,2026-07-14 14:41:38,2,6,6,6,6,1,,Very simple.,No.,"When health reports show red flags, I want to improve.",No,b22cc982-a18a-4497-9dd7-629a1362515b,woEO-wRAM,18.63,,,,,,,,,,,
207,2026-07-16 20:24:29,1,6,7,6,7,2,I want my doctor to take my health problems seriously.,Yes — I thought I could click on it.,No.,Recently I've been letting myself do some simple exercises in bed before sleep.,"If I had time, I could cook for myself after work and do some simple exercise outside to be healthier.",95fa6ca0-d2f8-44c1-951c-2d81b33770a2,woEO-wRAM,12.75,,,,,,,,,,,
208,2026-07-15 11:18:40,5,6,6,5,5,1,,Not intuitive to use and hard to operate.,Almost none.,Avoiding suffering from chronic illness or cancer in the future.,No,5fdce2c9-616b-45f9-9a2c-be87e8d4f965,wEO-woRAM,135.07,,,,,,,,,,,
209,2026-07-16 16:38:27,5,4,5,4,4,1,,No,No,No,No,d9e5cb75-04f5-4289-bd57-4f981d8fc445,woEO-wRAM,8.40,,,,,,,,,,,
210,2026-07-19 16:46:21,4,6,7,7,7,1,,,,,,29692680-c711-4797-abaf-45700ca7bcef,woEO-wRAM,9.30,,,,,,,,,,,
211,2026-07-21 16:32:10,4,7,7,7,6,1,,"Because of the tool, it was easy to express subtle differences between choices.","Yes, because it was easy to change my answer.",Gaining positive outcomes — the law of attraction is more encouraging.,Mental awareness is a very sensitive carrier — even small things can affect it.,de0dab17-26d5-4608-8d19-5a9caede57a6,woEO-woRAM,16.30,,,,,,,,,,,
212,2026-07-21 16:15:07,7,6,6,6,6,1,,No,No.,Improving health.,No,e0b3c3ea-34d8-4a05-8203-5613969febe1,wEO-woRAM,7.35,,,,,,,,,,,
213,2026-07-14 0:29:13,1,6,6,6,6,1,,,,,,8cedce5b-279b-48a1-a6a1-c09e9f1e431d,woEO-woRAM,9.17,,,,,,,,,,,
214,2026-07-13 19:57:31,6,6,7,6,6,1,,No,No,Eating fewer snacks.,No,ae9636c5-1495-49b5-ae7f-e1d6063d603f,woEO-woRAM,10.65,,,,,,,,,,,
215,2026-07-13 17:02:36,5,4,4,4,4,1,,No,No,No,No,3475453b-5696-49b2-8692-af405d31f183,woEO-woRAM,7.37,,,,,,,,,,,
216,2026-07-14 1:36:18,6,5,6,6,6,1,,No problem.,No,Having more drive and vitality in life.,No,879bba2c-b84d-4764-9bdc-f0fc43dcfb3d,wEO-wRAM,257.05,,,,,,,,,,,
217,2026-07-22 9:10:51,2,6,7,6,6,1,,Normal.,Not bad.,All of the examples above apply.,Working to stay optimistic in life is very important.,7e0e3a4d-730e-49a3-b71f-190c962ac2d9,woEO-wRAM,14.38,,,,,,,,,,,
218,2026-07-21 16:29:21,4,3,3,3,3,1,,Hard to drag.,No,Both would need to be better to make improvements.,Dragging made it hard to answer.,1bba3d94-94f2-4691-b05c-d3eaeac9bcc5,wEO-wRAM,7.43,,,,,,,,,,,
219,2026-07-13 20:43:49,7,6,6,6,6,1,,No,No.,Unless I'm already sick.,No,a0f439a1-4370-4779-963a-6794006781e5,woEO-woRAM,13.77,,,,,,,,,,,
220,2026-07-22 6:13:24,2,5,5,5,5,1,,No,No,No,No,7b7aafcc-12db-4e33-9879-ed95aa2f7b07,woEO-woRAM,8.93,,,,,,,,,,,
221,2026-07-16 17:17:07,3,4,5,5,5,1,,I'm not used to this way of answering.,Somewhat.,Maintaining a good figure and weight.,None so far.,fb025102-a2cf-4d7c-8fd3-9d0f70ed9e91,wEO-wRAM,10.35,,,,,,,,,,,
222,2026-07-13 17:33:35,3,4,4,4,4,2,Forgot / Not sure,I felt there should be numbers below for reference.,No,Both are good.,No,32bc5537-2166-4cbb-9e63-d346c94f3831,woEO-wRAM,7.02,,,,,,,,,,,
223,2026-07-13 20:43:30,4,6,3,6,6,2,Discrepancies resulting from forgetting and reporting information that does not match the actual situation.,"You have to watch out for word games — not very intuitive, easy to pick wrong.",Yes.,I like task-based positive incentives.,No,71708f73-49e7-4a56-a240-506acd5e8f76,wEO-woRAM,13.87,,,,,,,,,,,
224,2026-07-16 16:55:26,1,6,7,6,6,2,"Not knowing how to describe my condition, or feeling that the doctor seemed impatient.","When operating the slider to answer, I could focus more on thinking about my answer.",Yes — I became more focused and serious.,"Ways to gain positive outcomes make me more interested in trying, because doing them offers a chance to improve — very motivating.","If AI could Q&A with us first and then consolidate the info for the doctor for evaluation and health education, wouldn't that better meet patients' needs?",47a1a79d-1b74-432b-8e55-5078964e3b29,wEO-woRAM,25.65,,,,,,,,,,,
225,2026-07-13 17:08:49,2,6,6,6,6,1,,"Because I had to check the box, I would look again.","Yes, it did.",Positive.,No,7a126c26-6e30-4c51-b717-069a6af081d9,wEO-wRAM,8.47,,,,,,,,,,,
226,2026-07-14 8:31:25,4,5,5,5,5,1,,No,No,Exercise.,No,33f7e20b-9e53-43e0-9096-39f2672e3623,wEO-wRAM,8.80,,,,,,,,,,,
227,2026-07-17 10:35:26,4,4,4,4,4,1,,No,No,Not getting sick.,No,fcc05022-b66f-4ad0-97be-134f0c39026b,wEO-woRAM,12.72,,,,,,,,,,,
228,2026-07-13 19:18:30,5,6,6,6,6,1,,,,,,6cd14211-fee3-4e8d-88eb-5a0dc15f1a72,wEO-wRAM,9.80,,,,,,,,,,,
229,2026-07-18 13:44:58,7,6,7,7,7,1,,No,No,Gaining positive outcomes.,No,51bd62be-405f-447f-b83e-bceae9d199c7,woEO-woRAM,12.85,,,,,,,,,,,
230,2026-07-16 14:27:38,1,6,5,5,6,1,,Nothing particularly special.,No,Staying healthy and gaining vitality.,No,58bbaa59-59fd-4bdd-b14c-ef81ec768273,woEO-woRAM,7.72,,,,,,,,,,,
231,2026-07-22 9:53:13,3,6,6,6,6,1,,No,No,No,No,0da78fcf-9084-43bd-913d-6babdab683d9,wEO-woRAM,9.97,,,,,,,,,,,
232,2026-07-14 20:03:42,1,7,7,7,7,1,,No,It didn't affect me.,Looking younger.,"The order of eating, how often you eat out, the dining environment and mood, etc.",a4bdf0b2-ffca-4259-bcd3-899de489d5eb,woEO-wRAM,18.37,,,,,,,,,,,
233,2026-07-16 23:30:50,4,6,6,6,6,2,"Differences due to the time period considered. For example, I may have strictly followed the recommendations in the past month but was unable to maintain them during the past week due to certain factors.","No particular feeling, but I made minor adjustments — there was a small difference between my immediate reaction and my answer after thinking twice.",I don't think so — I still answered based on my own thoughts.,"Positive outcomes — seeing health-related metrics improve, such as HbA1c, triglycerides, and HDL/LDL cholesterol, makes me willing to keep up healthy lifestyle measures.",No,b3e26278-5e16-43f4-a25c-5d4ccb768633,wEO-wRAM,18.02,,,,,,,,,,,
234,2026-07-13 16:16:22,2,6,6,6,6,1,,It made me recall.,No,Improving health.,NO,de3776cd-2c97-45fc-9af0-5bdcdddb0ae8,woEO-wRAM,6.82,,,,,,,,,,,
235,2026-07-13 16:40:07,6,7,7,7,7,1,,Not intuitive enough.,Yes.,"Gaining positive outcomes — for example, I don't currently feel overweight so my diet is a bit unhealthy, but when I want to reach a slim figure, I'll adjust to a healthy diet.",,aa466675-85ad-4dc4-a5f9-070f2e8ee49e,wEO-woRAM,11.60,,,,,,,,,,,
236,2026-07-21 21:03:30,5,6,6,5,5,1,,No,No,Exercising regularly.,No,45760020-b6e6-4cdf-9d17-33126ebca9ad,wEO-wRAM,8.58,,,,,,,,,,,
237,2026-07-16 16:13:54,7,4,4,4,4,1,,No,It was okay.,No,No,78542dc8-9968-42ec-9e7d-e1ba53d8823b,woEO-wRAM,8.18,,,,,,,,,,,
238,2026-07-22 23:38:03,4,5,6,6,6,1,,A bit laggy when sliding.,No,Improving my physical state.,,00b35917-34c3-4329-83f9-469bb48b31f3,wEO-woRAM,7.18,,,,,,,,,,,
239,2026-07-14 11:37:58,5,3,4,5,4,2,I feel embarrassed.,A bit sluggish.,None for now.,Gaining vitality.,None for now.,e89f1744-220b-4245-a5ba-6c5d91bcfcfc,wEO-woRAM,7.78,,,,,,,,,,,
240,2026-07-13 16:14:47,5,6,6,6,6,1,,The slider was hard to click.,No,Feeling more energetic.,No,2566bc9d-f26d-4e1a-87c0-62ca83b7d5b8,wEO-woRAM,9.30,,,,,,,,,,,
241,2026-07-21 16:04:21,4,5,5,5,5,1,,Yes.,No,Positive — prevention is better than cure.,No,49ebace8-86b5-4c6b-8fe5-821aaeb26b32,woEO-woRAM,10.77,,,,,,,,,,,
242,2026-07-13 17:22:23,1,7,7,7,7,1,,I thought it was fine.,No,Gaining positive outcomes.,,489293f5-3fb1-4ad4-a945-79a9d5f77daf,wEO-woRAM,48.92,,,,,,,,,,,
243,2026-07-20 11:07:38,6,7,7,7,7,2,Due to memory lapses.,No,No,Avoiding negative outcomes — slowing down deterioration.,No,16fc5dc8-9d23-4dc8-b268-da6ca9faf966,wEO-woRAM,6.65,,,,,,,,,,,
244,2026-07-13 16:46:17,4,2,5,5,5,1,,Clicking the checkmark after using the slider makes sure the answer isn't triggered by accident.,It didn't affect me.,"Avoiding negative outcomes is more motivating for me — for example, with a good routine lately, my acne has clearly improved.",No,d2b1b438-9cbb-46b0-8322-c15b4441a3a0,wEO-woRAM,39.18,,,,,,,,,,,
245,2026-07-13 18:00:22,7,6,6,6,6,1,,,,,,ccd99648-73ac-4837-99db-b3d7838d25d4,wEO-woRAM,8.40,,,,,,,,,,,
246,2026-07-22 11:55:08,6,5,6,6,6,1,,Acceptable.,No.,Improving health and exercising every day.,No,8c13a55c-cef3-40d4-aeed-080fffd9f5b0,wEO-woRAM,20.22,,,,,,,,,,,
247,2026-07-13 16:20:51,6,6,5,5,5,1,,No,A little effect.,Being able to see substantial changes in daily life.,No,bb660444-4035-4f37-81ed-00c080140cc0,woEO-woRAM,7.05,,,,,,,,,,,
248,2026-07-22 14:51:49,1,6,6,6,6,1,,Yes,Yes.,"Improving health, of course.",No,cdc668eb-9fd1-43b1-b145-99dfba173bd1,wEO-woRAM,20.63,,,,,,,,,,,
249,2026-07-13 16:27:17,3,7,7,7,7,1,,No,No,"Gaining positive outcomes — with a doctor's confirmation, I work to improve my lifestyle and make my body healthier.",No,ba95825a-00d7-4168-99c5-e4fd8138e4c3,wEO-woRAM,9.88,,,,,,,,,,,
250,2026-07-14 10:35:41,3,6,6,6,6,1,,No,No,Improving health.,No,992ff6a9-1888-4e41-9a85-655bc4a5b73d,woEO-woRAM,9.83,,,,,,,,,,,
251,2026-07-21 16:16:37,6,6,6,6,7,1,,No,No,Positive.,No,235a25d4-b302-43fe-be01-fe3d233a0ff2,wEO-woRAM,11.92,,,,,,,,,,,
252,2026-07-16 16:26:55,2,6,6,6,6,1,,Sliding was slightly not smooth.,"I had to think more about the degree of the question — for example, the proportion within 7 days.","Losing weight, getting a better complexion, eating more vegetables, getting whiter skin from vitamin C, etc.",,145128ad-ac4d-40c9-952d-c22c94d53b68,woEO-woRAM,9.15,,,,,,,,,,,
253,2026-07-13 16:20:29,5,5,5,5,5,1,,No,"Yes, it did.",Positive and proactive.,No,8019be30-c488-469d-8b66-1354fe4e5c67,woEO-woRAM,7.60,,,,,,,,,,,
254,2026-07-13 16:11:25,5,6,6,6,6,1,,"Without clear numbers, it's a bit hard to judge.","Without clear numbers, it's a bit hard to judge.","It's hard to actually feel healthy, so avoiding negative outcomes is more tangible.",,1d4b5d58-d968-4c6d-8d16-fd579b13b7eb,woEO-wRAM,8.52,,,,,,,,,,,
255,2026-07-13 18:53:16,5,7,7,7,6,1,,No,No,No,NA,e4af70e7-4b64-4934-943f-b65151bea215,woEO-woRAM,7.53,,,,,,,,,,,
256,2026-07-16 16:04:17,7,6,6,6,7,1,,No,No,No,No,bdb7ce90-74bb-4ec2-a34d-cb00b906b972,wEO-wRAM,9.22,,,,,,,,,,,
257,2026-07-13 21:23:04,3,3,4,5,4,1,,No,It was okay.,Gaining vitality and improving body shape.,No,363c41a9-a6be-49fc-97da-1cb364319b57,woEO-wRAM,7.28,,,,,,,,,,,
258,2026-07-13 16:22:09,5,6,6,6,6,2,Forgetting to mention certain details or providing an incomplete description.,Smooth to use.,No,Avoiding negative outcomes — like drinking more water to avoid urinary tract infections.,Haven't thought of any yet.,1ce6171f-6d44-45c9-aa5c-b3e8c076d5db,wEO-wRAM,18.63,,,,,,,,,,,
259,2026-07-16 21:54:14,7,6,6,6,6,1,,,,,,5b142c1e-9fdc-41b2-86b4-39561f6115c1,wEO-woRAM,7.23,,,,,,,,,,,
260,2026-07-13 17:16:36,7,6,6,6,6,1,,No,No,Not sure.,No,ad71145b-2a20-43ad-bd24-755a7aa9a790,woEO-wRAM,50.45,,,,,,,,,,,
261,2026-07-13 16:50:26,7,6,7,6,6,2,Fear of being criticized.,It made me review how many times I did it this week before deciding.,Yes.,Avoiding illness that could cause irreversible harm.,Sleep quality.,b23da43e-8ba7-48a3-a545-c23f90763475,woEO-wRAM,41.75,,,,,,,,,,,
262,2026-07-13 16:56:15,1,6,6,6,6,1,,More nuanced answer. ,More accurate.,Preventing worsening.,No thoughts.,54c15739-69a5-47d3-937e-abbd5e12a50a,wEO-wRAM,8.97,,,,,,,,,,,
263,2026-07-18 12:14:36,5,6,3,5,5,1,,The slider had no middle value — only choices leaning toward yes or leaning toward no.,Yes.,,No,6d3516ea-df82-4443-8341-e70eb46ff39c,woEO-woRAM,10.68,,,,,,,,,,,
264,2026-07-13 16:16:24,6,6,6,6,6,1,,No,No,Prevention.,No,21910dcb-1cc6-4b11-8024-632de10ce12e,woEO-woRAM,13.63,,,,,,,,,,,
265,2026-07-14 10:34:54,3,6,6,6,6,1,,Not easy to operate.,No,Positive — gaining vitality.,No,16f31305-d480-4712-a066-9c6fcd713de4,wEO-woRAM,14.13,,,,,,,,,,,
266,2026-07-13 18:01:21,3,6,7,7,6,1,,"Once I got used to it, it was smooth.",No effect.,"Improving health — for chronic diseases, what should be eaten more and what should be avoided.",No,ad125e55-a9d0-48d5-a8a6-4707aada539c,woEO-woRAM,72.32,,,,,,,,,,,
267,2026-07-16 21:19:35,4,4,4,4,4,1,,no,no,no,no,798a72be-88a4-42e9-b9ab-d46acb9c1f1a,wEO-wRAM,8.82,,,,,,,,,,,
268,2026-07-13 21:17:16,5,6,7,6,6,1,,No particular feeling.,No.,Understanding the details of my own health.,No,b059e9cc-cba3-4dec-a685-f02e13f5c3bd,wEO-woRAM,304.82,,,,,,,,,,,
269,2026-07-14 0:28:50,6,5,6,6,7,1,,It felt a bit stuck while sliding.,No.,"Improving health, and interpersonal relationships get better.",No,6c69ed80-8c26-405c-add9-e960d8f835ec,wEO-wRAM,14.08,,,,,,,,,,,
270,2026-07-21 20:28:05,7,7,7,7,7,1,,No,No,Improving health and gaining vitality.,No,0dc98901-3d5f-41b2-91b3-6add76820fe3,wEO-wRAM,16.38,,,,,,,,,,,
271,2026-07-13 16:24:12,4,5,5,5,5,2,Lack of self-discipline,No,No,No,No,17459a1a-261f-4fe5-99a3-0d3d141497c1,woEO-wRAM,8.68,,,,,,,,,,,
272,2026-07-13 16:09:08,5,6,6,6,6,1,,No,No,No,No,6904436d-02ca-4796-978f-86c197e1c827,woEO-woRAM,7.58,,,,,,,,,,,
273,2026-07-13 16:08:10,4,5,5,5,5,1,,No problem.,Yes — clicking directly would be more convenient and faster.,Negative outcomes — not eating sweets or fried food can prevent weight gain and skin problems.,NONE,c4d9f25e-15d5-40fa-9c57-acd607117e74,woEO-wRAM,8.00,,,,,,,,,,,
274,2026-07-13 16:19:23,4,3,5,4,4,1,,It was all okay.,It didn't have any effect.,Improving health.,No,61651ffc-415d-4211-9f03-d8250f4eae1e,wEO-woRAM,8.10,,,,,,,,,,,
275,2026-07-16 16:31:58,3,6,6,6,6,1,,No,No,Improving health is more motivating — like gaining more stamina and feeling stronger.,No,fb3ff927-9a3b-4db2-a5d8-3f5a7de82269,woEO-woRAM,26.20,,,,,,,,,,,
276,2026-07-16 20:15:37,2,6,6,6,6,1,,No,No.,Exercise.,No,37313f95-39f1-44ae-9562-f2a58ee5d38a,wEO-wRAM,20.35,,,,,,,,,,,
277,2026-07-21 16:04:44,3,5,5,5,5,2,"I could not remember accurately, so there may be some discrepancies.","In my impression, moving right should mean more positive/yes, but this survey didn't follow that pattern, so it was easy to pick the wrong answer.","Yes — the slider was too long with no numeric help, hard to operate, and I really just dragged by feel.","Noticeable differences in stamina, body shape, and appearance — all of these influence me.",No,0845d8ae-3bcf-4f52-9210-3da5a3267b68,wEO-wRAM,11.70,,,,,,,,,,,
278,2026-07-13 16:43:33,3,5,6,5,6,2,"There are some lifestyle habits I do not want others to know about, or I may have been in situations where many people were around.",No,No,Avoiding negative outcomes — such as reducing the chance of irreversible diseases that damage bodily function.,Didn't think of any.,d1986807-e7f1-4c22-a004-8ec420779d8a,wEO-wRAM,15.33,,,,,,,,,,,
279,2026-07-14 16:57:50,7,7,7,7,7,1,,No,I'd think a bit about what degree to choose.,When a condition I care about can be improved quickly or immediately.,No,79c0e036-9494-4555-a8f6-4c5f05536c32,woEO-woRAM,9.98,,,,,,,,,,,
280,2026-07-13 16:30:31,5,3,5,5,5,1,,No,No,Avoiding excessive obesity and low energy.,No,83ca95e1-e547-4d46-a1c3-453eb787d2a3,woEO-woRAM,7.12,,,,,,,,,,,
281,2026-07-21 16:38:51,1,6,6,5,6,1,,No,No,Avoiding negative outcomes: getting sick or a decline in health.,No,5288d04c-4ae7-4ffe-8754-072fcea30b51,wEO-wRAM,14.05,,,,,,,,,,,
282,2026-07-16 16:17:00,1,6,7,7,7,1,,,No,Avoiding chronic illness.,,41af7c61-1313-4146-a623-458cc75789dc,wEO-wRAM,9.78,,,,,,,,,,,
283,2026-07-16 21:29:20,7,5,5,5,5,1,,You can't see detailed numbers — you can only go by feel.,A bit.,Both apply.,Rewarding yourself isn't necessarily bad — it depends on what you eat. Healthy food should be okay.,6c49838d-1c6d-4f77-a548-ead78786192e,woEO-woRAM,8.02,,,,,,,,,,,
284,2026-07-13 18:48:33,3,4,5,5,5,2,Sometimes I did not provide enough details.,It felt more intuitive.,Yes.,Getting sick — people only change when they hit a problem.,Can't think of anything for now.,091f35d9-e7fa-4ee2-8fb5-5a3ff9f788f5,wEO-woRAM,16.13,,,,,,,,,,,
285,2026-07-14 15:22:03,6,5,5,5,6,1,,The colors were too similar and hard to distinguish.,No.,"Avoiding negative outcomes — explaining how successful weight loss reduces the risk of sudden death, etc.",None so far.,9df596a0-bc22-4320-8c45-999c989436f4,wEO-wRAM,8.30,,,,,,,,,,,
286,2026-07-13 16:21:36,6,5,5,5,5,1,,No,No,Getting sick.,No,4b1dd779-bb24-4059-98a1-353dde7311e1,woEO-woRAM,9.95,,,,,,,,,,,
287,2026-07-21 23:12:16,3,5,6,5,5,2,Wanting to save face.,Hard to position precisely.,A little.,Worsening health — clear physical discomfort.,No,26546987-1562-4ca6-b553-e020c05db4d7,wEO-woRAM,11.82,,,,,,,,,,,
288,2026-07-13 16:21:53,7,7,7,7,7,1,,It was a bit troublesome to click on a position.,No.,Positive (successful weight loss can bring blood pressure to normal).,No,b1fd3888-cde1-420a-baa7-986db0a1ef0a,wEO-wRAM,13.68,,,,,,,,,,,
289,2026-07-13 16:10:53,2,6,5,5,5,1,,Whether it's smooth or not.,No.,Reducing body weight.,No,73e57e03-51da-4893-8fe0-2090ee14186b,woEO-woRAM,9.25,,,,,,,,,,,
290,2026-07-16 12:58:53,7,6,6,6,6,1,,Clicking directly would be more convenient.,"Clicking directly is easier — sometimes the slider slips off and you have to click again, which is annoying.",Mental/psychological.,Mental/psychological aspects.,8285aab9-edf2-4d72-84fe-9941a924353d,woEO-wRAM,10.85,,,,,,,,,,,
291,2026-07-22 18:04:18,6,6,6,6,6,1,,It was okay.,No.,Family.,No,5db9e4a2-41e7-43bc-8f99-af77b1e9de59,wEO-woRAM,7.08,,,,,,,,,,,
292,2026-07-19 10:01:12,2,7,7,7,7,1,,"It couldn't be quantified, so it felt vague.",Not really.,Gaining positive outcomes: being able to move freely as I please.,No,c4f9d102-9888-4faa-87af-c6ab0f4c8b44,woEO-wRAM,16.90,,,,,,,,,,,
293,2026-07-21 17:59:11,4,5,5,5,5,1,,No,No,Improving health.,No,2e36b3c7-7790-4d0d-95fd-f0bceb9e8dd4,wEO-woRAM,8.53,,,,,,,,,,,
294,2026-07-13 16:24:43,5,7,7,7,7,2,Afraid of being scolded,"I thought the slider only had two answers, yes and no.","Yes, it did.",People working toward the same goal with me.,Can't think of anything for now.,d0f4cbf1-31ca-4149-999e-ae604a60dc1e,wEO-wRAM,13.77,,,,,,,,,,,
295,2026-07-13 18:55:57,1,7,6,6,7,1,,No,No effect.,Gaining positive outcomes.,No,d179ba39-d9ef-4603-8543-74d42ce08db3,woEO-woRAM,17.00,,,,,,,,,,,
296,2026-07-13 16:15:23,5,7,7,7,7,1,,It made me review my own diet.,No,It's helpful for me in the long term.,No,3ea1c34e-62d7-4c09-99a6-e41ce003f25c,wEO-wRAM,7.67,,,,,,,,,,,
297,2026-07-17 20:40:57,2,5,6,5,5,1,,,,,,4638f255-4799-4df3-9c7a-7fb77811520e,woEO-wRAM,1530.15,,,,,,,,,,,
298,2026-07-13 21:22:03,1,6,6,6,6,1,,No,No.,"Being physically healthy, with better body shape and mood.",None at the moment.,ca32c30f-1ded-40f2-97ba-b29d6acc129f,wEO-woRAM,12.22,,,,,,,,,,,
299,2026-07-13 16:20:05,1,6,6,6,6,1,,It made me review my answer again.,It didn't affect my answer — I just double-checked.,"Seeing concrete changes in appearance, or better numbers on the health check-up.","For example, you could regularly measure weight or waistline to confirm concrete results.",64c354cc-5fb5-4d3c-a012-c2794dc1d998,wEO-wRAM,14.22,,,,,,,,,,,
300,2026-07-21 16:44:29,2,4,4,4,4,1,,Not easy to use.,Yes.,Gaining positive outcomes.,Providing incentives for exercise.,b820c0c3-409a-4ccf-a4ee-740eb88c56e5,woEO-wRAM,15.27,,,,,,,,,,,
301,2026-07-19 8:46:53,6,6,6,6,6,1,,,,,,7eb348e9-0e3a-4932-a872-7bb7c4c97e18,wEO-woRAM,13.68,,,,,,,,,,,
302,2026-07-16 20:00:33,5,5,6,6,6,1,,,,,,c65cebca-2da0-4369-a937-0ac85ada384d,woEO-woRAM,9.93,,,,,,,,,,,
303,2026-07-13 17:50:51,6,5,5,5,5,1,,Inefficient.,Yes.,Appropriate exercise and appropriate stress.,No,67799b37-80c1-4e5b-ab25-95a624b7ef83,wEO-woRAM,8.37,,,,,,,,,,,
304,2026-07-14 13:59:18,3,4,4,4,4,1,,No,It was okay.,Avoiding negative outcomes.,No,5afd7877-98e6-4b3d-b346-794e90b02aa7,woEO-woRAM,7.53,,,,,,,,,,,
305,2026-07-21 19:47:14,6,7,7,7,7,1,,It took more time to think.,More room for options.,The impact of bad habits — reducing negative outcomes.,,f7c4f32c-091e-41d7-a588-1c11c50646b9,wEO-woRAM,10.17,,,,,,,,,,,
306,2026-07-13 16:17:24,7,7,7,7,7,1,,Interesting,No.,Worsening symptoms.,No,6bea67c6-0573-4046-ba18-4db7be22dca4,woEO-wRAM,11.57,,,,,,,,,,,
307,2026-07-13 18:17:55,4,6,6,6,6,1,,I needed to confirm that this was really my answer.,Yes — I needed to be very sure of my answer.,"I want to gain positive outcomes. I knew 16:8 fasting would give me more energy, and I felt that after trying it, so I've kept it up until now.",Fixed three meals a day isn't necessarily healthy — many people are discussing fasting these days.,be044b0d-a1fe-46d5-b8ed-311df570dd24,woEO-wRAM,32.75,,,,,,,,,,,
308,2026-07-13 16:29:40,2,5,6,5,5,1,,,No.,Improving health.,No,3814d572-5eaa-4dc5-8783-f215571d2c66,woEO-wRAM,22.58,,,,,,,,,,,
309,2026-07-19 20:44:37,5,5,5,5,5,1,,"It felt like right or wrong, nothing in between.",Yes.,,,8078fdfe-8395-442b-b041-253b67145ee8,wEO-wRAM,7.95,,,,,,,,,,,
310,2026-07-16 16:15:32,6,7,7,7,7,1,,Convenient and unusual.,No.,Improving health.,Eating too fast is hard to correct.,cf245c86-8f10-4c4c-b22b-77fa0d76a68b,woEO-wRAM,13.07,,,,,,,,,,,
311,2026-07-16 18:19:31,5,4,5,5,5,1,,,,,,afe08c7e-09ce-4679-b8f1-9d8d57ffb6a7,wEO-wRAM,9.27,,,,,,,,,,,
312,2026-07-13 19:10:51,7,5,6,5,5,1,,,Slightly.,Gaining positive outcomes.,,94681bef-4b79-4afb-b8da-96a3b03a61fe,woEO-wRAM,9.50,,,,,,,,,,,
313,2026-07-16 17:24:47,2,4,4,4,4,1,,No,No,No,No,08303e1b-da4e-4a40-b730-99933513d199,woEO-wRAM,10.63,,,,,,,,,,,
314,2026-07-13 16:16:41,5,5,6,5,5,1,,No,No,Avoiding negative outcomes.,No,f9b0a3d0-c666-415b-9869-e6340a0e59ac,wEO-woRAM,8.88,,,,,,,,,,,
315,2026-07-18 14:11:09,6,4,4,4,4,1,,No,No,Gaining vitality.,None at the moment.,b8d589a6-2edd-4ba1-b854-be771e5ff6fd,woEO-wRAM,8.03,,,,,,,,,,,
316,2026-07-13 16:28:14,6,4,5,5,6,1,,,,,,945ad4ea-03e9-44ae-b786-f3f387bcbb7c,woEO-wRAM,7.40,,,,,,,,,,,
317,2026-07-13 16:23:16,4,5,5,5,5,1,,No,No,I hope to achieve both.,No,01dff38e-a919-483b-b6d7-cf30df8f6a2c,wEO-woRAM,13.60,,,,,,,,,,,
318,2026-07-18 15:33:47,7,4,4,4,4,1,,,,,,b4064a45-26bc-4e12-ab99-6d5c094a12f6,wEO-woRAM,11.23,,,,,,,,,,,
319,2026-07-13 16:32:07,5,4,5,3,4,1,,Hard to use.,Yes.,Negative.,No,de7c0bd5-ef9b-442e-8e57-4e4aff5b1b9e,wEO-wRAM,9.70,,,,,,,,,,,
320,2026-07-17 11:32:57,1,6,6,6,6,1,,No,No,Exercising often.,No,7261d217-4993-430a-91f3-627abd2b8835,woEO-woRAM,11.08,,,,,,,,,,,
321,2026-07-14 11:45:08,7,7,7,7,7,1,,Think.,No,Improving training performance.,No,8e26d097-4009-44f4-a2c0-4943ff72b9ed,woEO-wRAM,7.53,,,,,,,,,,,
322,2026-07-13 16:27:18,2,7,7,7,7,2,The frequency may be inaccurate because I could not remember it clearly.,"At first I used the slider and answered every question, but the 'Next Page' button didn't light up. I only then realized I had to click the checkmark again for the answer to be counted.",Yes.,Avoiding negative outcomes.,No,104ea705-c100-4214-a0d3-bf37bb22a356,wEO-woRAM,7.62,,,,,,,,,,,
323,2026-07-21 16:06:49,6,6,7,6,7,2,Fear of being criticized by the doctor.,,,,,6279f3ff-585a-4382-bf71-d472af220b0b,woEO-woRAM,9.15,,,,,,,,,,,
324,2026-07-13 16:26:51,5,5,4,4,4,1,,No,No,Improving health and gaining vitality.,None at the moment.,f2b7d45c-44b0-4a99-90e7-abee7c5bee25,woEO-woRAM,24.13,,,,,,,,,,,
325,2026-07-23 0:40:39,5,3,5,5,5,1,,"The slider had no marked ticks, which is uncommon in surveys.","Compared to a radio single-choice format, it was easier to gauge the degree for each question.","Positive feedback — such as noticeable changes in skin and body shape, or being told by friends and family.",,c0b634f1-7e0a-4e15-9caf-14eda5189eb2,wEO-woRAM,22.65,,,,,,,,,,,
326,2026-07-13 16:30:17,2,6,6,6,6,1,,A bit hard to slide.,It was okay — didn't affect me much.,It's great to improve health and body shape.,No,35eb3650-f84f-4c66-a6cb-b9f3b2f97853,wEO-woRAM,7.33,,,,,,,,,,,
327,2026-07-14 19:20:40,4,2,3,3,3,2,Biased toward a more positive direction.,It should display values.,No,Negative.,No,014d483f-deb7-463a-8600-c4e7e3f291b2,woEO-woRAM,9.07,,,,,,,,,,,
328,2026-07-20 9:02:12,7,7,7,7,7,1,,No,No,Avoiding cancer.,No,687e12a8-20e6-4946-92d1-568a5ed01139,wEO-wRAM,12.10,,,,,,,,,,,
329,2026-07-16 17:27:21,3,3,4,4,4,2,"Uncertainty about the definition of frequency. For example, occasional gatherings may lead to different eating patterns compared with usual, and dietary behaviors may also change depending on the season or level of busyness.",No,No,Avoiding the negative — pointing out my current physical state and linking it to negative causes.,No,a958285d-29e1-430b-8ec4-5d35f5955a42,woEO-woRAM,7.90,,,,,,,,,,,
330,2026-07-16 17:15:43,5,3,4,4,4,1,,The slider was hard to drag.,A little.,Having friends to accompany and encourage me.,,c93f6b22-87da-4799-a1d9-a1d6ebb9b518,wEO-wRAM,15.28,,,,,,,,,,,
331,2026-07-13 16:12:46,6,7,7,6,7,2,Differences in perspectives lead to different judgments of the situation.,No,The number of notches affected where I placed the result.,Avoiding negative outcomes — just preventing the onset of disease.,,07d7b054-5f23-4184-ba7a-3cff3af1ec8d,woEO-woRAM,7.83,,,,,,,,,,,
332,2026-07-13 16:13:58,4,6,6,6,6,1,,No,No,Health.,No,356ce620-5d5b-4236-9e41-630d8e154104,wEO-wRAM,10.00,,,,,,,,,,,
333,2026-07-13 16:13:47,1,6,6,6,6,2,Fear of being criticized.,I might have overestimated myself somewhat.,"No, but it was harder to quantify a judgment.","Avoiding negative outcomes is more motivating. Seeing red flags on a check-up makes me want to act immediately, otherwise things will get worse.",No,f4157898-49b5-4459-9986-d81e4b3569c5,woEO-woRAM,8.30,,,,,,,,,,,
334,2026-07-13 16:52:51,4,5,6,5,5,2,Difficulty recalling accurately.,No,No,Avoiding negative outcomes.,No,4aa44fb7-e604-4c33-a700-ea97d43d0899,wEO-woRAM,10.17,,,,,,,,,,,
335,2026-07-13 16:22:55,5,6,6,6,6,1,,Not very intuitive.,No,Whether there are good ways and recommended methods to improve health.,No,43f97c9b-0be1-4a70-8df8-1f84e6dba805,woEO-woRAM,7.70,,,,,,,,,,,
336,2026-07-13 17:11:01,1,7,7,7,7,1,,I read the questions carefully.,No.,Exercise.,Nutrition and health care.,f25d0dc8-4482-4baf-ab22-ec29daee0dab,wEO-woRAM,18.68,,,,,,,,,,,
337,2026-07-14 13:07:36,4,5,5,5,5,2,Privacy concerns or lack of awareness.,Yes.,No,Gaining positive outcomes.,No,42d9ee7e-0fc5-4070-8936-cff233492108,woEO-wRAM,7.43,,,,,,,,,,,
338,2026-07-16 18:07:06,1,6,6,6,6,1,,No,No,Improving health.,No,56cc3f13-fcea-4e05-8ab7-7b46bcfeca49,woEO-wRAM,9.30,,,,,,,,,,,
339,2026-07-21 23:19:14,3,6,6,5,7,1,,You can feel the interaction more intuitively.,I don't think so.,"Avoiding negative outcomes — compared to gaining something, I'm more afraid of losing.",No,d19f5953-0ca2-4a31-88a2-64262f434792,woEO-woRAM,7.15,,,,,,,,,,,
340,2026-07-13 21:29:23,5,4,4,4,4,1,,No,No,Avoiding negative outcomes (illness or a decline in health).,,d64014a6-bccf-4613-aabb-f46de2550635,woEO-woRAM,9.08,,,,,,,,,,,
341,2026-07-15 15:22:12,6,5,5,6,5,1,,Not very intuitive to use.,It didn't affect me.,"Improving health or stamina, and improving body shape.",No,bade73b6-8ad3-4030-9308-df794820b4d5,wEO-woRAM,9.90,,,,,,,,,,,
342,2026-07-21 15:59:58,6,6,6,6,6,,,,,,,efd160e5-8e8e-4379-bedc-8a3cd7f4a3df,woEO-wRAM,9.85,,,,,,,,,,,
343,2026-07-13 16:43:16,4,4,5,5,5,1,,No,No,Avoiding illness or a decline in health.,No,dc3c757c-deed-441a-a2a3-3a7ed1512898,wEO-wRAM,10.70,,,,,,,,,,,
344,2026-07-13 18:20:58,2,5,5,5,5,2,I would not provide too many details.,A less intuitive way.,"Because it was less intuitive, it added to my thinking time.",Positive outcomes — preventing worsening (becoming healthier).,No,9fe2fe91-d03b-410f-8de9-f5ba1fbb6264,wEO-woRAM,8.08,,,,,,,,,,,
345,2026-07-13 16:33:40,6,6,5,6,6,2,I only remembered additional information after seeing the doctor.,No,No.,"Gaining positive outcomes — for example, noticing better skin after drinking more water makes me more willing to drink water.",No,ac228aa7-6b4b-45e0-868d-8a74f29fa2c3,woEO-wRAM,29.45,,,,,,,,,,,
346,2026-07-13 17:40:12,1,5,5,5,5,1,,No,No,Positive.,,fce314f1-0fe0-4d37-895b-c03f283129c0,wEO-woRAM,8.30,,,,,,,,,,,
347,2026-07-21 16:10:54,4,4,4,4,4,2,Information gap.,Not easy to use.,No,Gaining positive outcomes.,None so far.,63104eb6-386a-4e94-ae24-7f568d842116,woEO-wRAM,8.68,,,,,,,,,,,
348,2026-07-21 17:17:54,4,3,4,5,5,1,,No,No.,Improving health.,No,1c88c6de-ae65-407f-8610-b34672b16219,woEO-wRAM,10.88,,,,,,,,,,,
349,2026-07-13 16:29:13,3,7,7,7,7,1,,No,No,Improving health.,No,3397019a-59e8-4150-828b-fb6996a9f665,wEO-wRAM,10.43,,,,,,,,,,,
350,2026-07-13 21:20:51,5,6,6,6,6,2,Fear of being criticized.,No particular feeling.,More precise expression.,Avoiding bad outcomes.,No,eafa02c8-b63d-490a-ac84-45c24678bfa0,woEO-woRAM,9.18,,,,,,,,,,,
351,2026-07-13 16:24:45,3,6,7,6,6,1,,No,No,Improving health.,No,24f38a1b-19bb-4686-bc95-c8df4a14dff8,woEO-wRAM,7.10,,,,,,,,,,,
352,2026-07-13 16:14:53,3,5,5,5,5,1,,You can only give an approximate answer.,"Indeed — because there were no clear options to pick, only sliding.","Avoiding negative outcomes — seeing a check-up report or weight numbers pushes me more to maintain a healthy diet, since people naturally avoid harm and seek benefit.",I'm curious what the point of the doctor setup was — the simulated doctor didn't seem to give me any direct feedback.,55155684-b05c-4784-b67f-7f8b5285334a,wEO-woRAM,11.65,,,,,,,,,,,
353,2026-07-21 18:29:55,1,7,7,7,7,1,,No,No,Improving health and gaining vitality.,No,394a5f67-d0fe-48f1-806f-5f195578314b,woEO-woRAM,18.45,,,,,,,,,,,
354,2026-07-22 1:22:40,1,5,6,6,6,2,Using more tactful or indirect wording.,It made me think about whether I really did it to the extent shown on the slider.,A little.,"Positive — exercising more helps keep my figure, so clothes look better.",,bb42f470-396c-4b1f-abd9-4a6e339018eb,wEO-woRAM,9.37,,,,,,,,,,,
355,2026-07-13 16:43:54,5,7,7,7,7,1,,I could sense how strongly I leaned one way rather than giving a purely binary answer.,No effect.,Improving health.,No,6402f135-40ac-4558-b3b7-ce69b3c6e62a,wEO-wRAM,24.58,,,,,,,,,,,
356,2026-07-17 10:39:55,7,7,7,7,7,1,,No,No.,Improving health.,No,a8312b9d-c4ea-4ac7-8a26-9d8a18a3c0cd,woEO-woRAM,8.58,,,,,,,,,,,
357,2026-07-13 16:43:06,7,1,1,6,7,1,,Hard to operate.,Yes.,Positive — it can improve quality of life.,no,4932d1a3-6b00-40c0-a060-090b2919bfae,woEO-woRAM,7.03,,,,,,,,,,,
358,2026-07-13 20:53:14,2,6,6,6,6,1,,Not very smooth.,No.,Positive.,No,21fb3a71-0928-4b0c-9e10-ca4399269774,wEO-woRAM,14.63,,,,,,,,,,,
359,2026-07-13 16:41:37,1,5,5,5,5,1,,"A bit hard to move, and I wasn't sure of the order.",It didn't affect me.,"Clean eating makes the body feel lighter and avoids raising inflammation, which then improves many unexplained physical issues.",No,e68e9ba4-1e70-441d-9ce6-7726dce2cc32,wEO-woRAM,7.38,,,,,,,,,,,
360,2026-07-16 17:01:26,2,7,7,7,7,1,,No,No,Avoiding negative outcomes.,No,fa7b2e0d-56ab-4573-8c8c-0023970ec9f2,woEO-woRAM,7.95,,,,,,,,,,,
361,2026-07-20 9:30:16,6,6,6,6,6,1,,No,No,Gaining vitality and losing weight.,No,2b81b957-4eff-4b7b-abbc-5455fb54ff09,woEO-woRAM,9.22,,,,,,,,,,,
362,2026-07-13 21:29:25,5,6,6,6,6,1,,,,,,d71fd3ca-60f6-4977-bf1e-1a72b67e3991,wEO-woRAM,149.28,,,,,,,,,,,
363,2026-07-18 9:08:23,7,5,6,6,6,1,,No,No,Reducing feelings of discomfort.,No,c2bba211-ea56-4371-a8fa-3a8a6673cb22,wEO-wRAM,26.68,,,,,,,,,,,
364,2026-07-21 21:43:13,5,6,6,6,6,1,,No,So-so.,Improving health.,No,e2857107-e4fd-4dd1-96fa-582e26d7a246,woEO-woRAM,7.82,,,,,,,,,,,
365,2026-07-13 18:05:00,2,7,7,7,7,1,,Very clear.,No.,It's nice when the health score improves.,No,4932e7d3-69a8-4f2e-9349-0c2851319108,wEO-wRAM,25.47,,,,,,,,,,,
366,2026-07-21 16:28:24,5,5,5,5,5,1,,,,,,12164a33-76d7-49b8-8675-0725f49585a1,wEO-woRAM,7.95,,,,,,,,,,,
367,2026-07-22 22:38:56,4,7,7,7,7,1,,"My mouse isn't good, so using the slider was sometimes a bit difficult.",No,"Gaining positive outcomes — for example, compared with people of the same age, having better mobility and reflexes.",No,eb9e0b09-a0da-486e-99d1-bc43eb7a31b9,woEO-wRAM,21.97,,,,,,,,,,,
368,2026-07-13 16:38:48,1,6,5,5,5,1,,I confirmed my answer again and might have adjusted it.,Yes.,"For example, if I successfully meet a goal, there could be a reward.",You can adjust phased goals based on physiological needs or daily routine.,bff46507-c1e9-4fbd-ad51-57518c6b4283,woEO-wRAM,11.62,,,,,,,,,,,
369,2026-07-13 16:10:06,5,3,3,3,3,1,,,,,,3d7aa4c0-f79e-4d3f-b9a1-fbbfbb4ef146,wEO-woRAM,7.25,,,,,,,,,,,
370,2026-07-18 23:09:59,7,6,6,6,6,1,,No,Somewhat.,Avoiding negative outcomes — hoping to stay healthy.,No,d91dc139-3970-4277-859f-c7ca49ddfed5,woEO-woRAM,8.52,,,,,,,,,,,
371,2026-07-13 20:24:34,6,5,6,3,5,1,,You can't click directly on a position.,A bit annoying because you can't click directly.,Avoiding getting sick.,No,ca482dbc-b76c-492c-ae8c-bb3a41af0659,wEO-wRAM,7.07,,,,,,,,,,,
372,2026-07-14 13:48:08,3,6,5,5,6,1,,Using position to indicate the degree of agreement — not seeing a score or text — makes you less biased.,"Since I didn't need to give an extreme answer, answering was faster.",Gaining vitality and physical fitness.,,24fad7bc-0a41-4054-8bfa-cac7dd23ac23,woEO-woRAM,137.52,,,,,,,,,,,
373,2026-07-22 23:14:35,5,3,5,5,5,1,,No,No,Improving body shape.,No,9c0deda8-826b-4439-9094-0b86737e1278,wEO-woRAM,9.97,,,,,,,,,,,
374,2026-07-22 13:48:54,4,5,5,5,5,1,,A bit hard to use.,No,Gaining positive outcomes.,No,a641a480-a8b8-41ea-87af-45794168e88a,woEO-woRAM,8.25,,,,,,,,,,,
375,2026-07-13 16:22:53,7,6,6,6,6,1,,No,No.,Gaining positive outcomes.,No,4ab348eb-6dd2-4d07-8e21-35b0137cf957,woEO-woRAM,8.02,,,,,,,,,,,
376,2026-07-16 21:02:29,2,4,5,6,6,1,,No,No.,Vitality.,No,f36b3841-dfab-46c4-b318-218f57931ca4,woEO-wRAM,6.70,,,,,,,,,,,
377,2026-07-13 16:23:47,7,6,6,6,6,1,,It was hard to drag.,No,Improved health condition — normal numbers on the check-up report.,No,51026835-07f3-4005-8ebf-2e495d8c8fec,woEO-wRAM,9.03,,,,,,,,,,,
378,2026-07-21 23:56:42,3,5,5,5,5,1,,No,Yes.,Boosting immunity.,No,0c047d7a-0c99-461b-bcef-c44a087e30d4,wEO-woRAM,89.02,,,,,,,,,,,
379,2026-07-13 16:29:48,7,5,7,6,6,1,,Not very easy to operate.,No.,"Gaining positive outcomes — more vitality, looking younger, no backaches.",No,396713ff-9ff1-40e9-89b8-c8e353de51b3,wEO-wRAM,18.08,,,,,,,,,,,
380,2026-07-21 17:52:19,7,6,6,6,6,1,,A bit troublesome.,No,Gaining positive outcomes — giving me motivation.,None for now.,9eadac61-9f21-4483-b0c1-1bae16dcfcad,wEO-woRAM,9.80,,,,,,,,,,,
381,2026-07-14 11:20:13,5,6,6,6,6,2,"Sometimes I forget the information because too much time has passed, so I can only provide an approximate answer.","While moving the slider, no number was shown, which might make it feel less constrained.",No.,Avoiding negative outcomes.,No,955c31fd-8b1a-4af0-87e9-65821b865703,woEO-wRAM,20.05,,,,,,,,,,,
382,2026-07-21 22:02:14,1,6,6,6,6,1,,No,No,Being able to improve one's physical condition.,No,dadaeb68-3c43-4ec8-8891-0e52a14d979a,wEO-woRAM,80.92,,,,,,,,,,,
383,2026-07-13 17:58:06,3,5,6,6,6,1,,Not intuitive enough.,"Yes, it did.",Gaining vitality.,,b2410a08-b9e4-41ed-a4a5-eb9e796283ab,wEO-wRAM,8.87,,,,,,,,,,,
384,2026-07-16 18:08:52,7,7,7,7,7,1,,I wasn't familiar with sliding at first.,No.,Gaining vitality through exercise.,None for now.,462e93ba-ba72-441f-ae54-b079ce2d43a4,woEO-woRAM,11.95,,,,,,,,,,,
385,2026-07-13 17:10:33,1,7,7,7,7,1,,,,,,c19918b8-3d04-4f4f-a39d-68e7b5f76a15,woEO-woRAM,7.78,,,,,,,,,,,
386,2026-07-14 11:22:13,6,7,6,7,7,1,,,,,,9c7d196f-f5c4-4a9e-ac5f-f95655c13e14,woEO-woRAM,7.18,,,,,,,,,,,
387,2026-07-17 18:40:49,1,6,7,6,6,1,,Free and easy.,No.,Being physically healthy.,No.,902ccb16-ac85-45fc-9e4e-a9fa61af77fc,woEO-woRAM,10.20,,,,,,,,,,,
388,2026-07-16 21:50:48,7,6,7,7,6,1,,No,No,Positive improvement — improving health.,No,57232e68-8849-467d-9b19-f0dabcd76f6d,wEO-woRAM,25.47,,,,,,,,,,,
389,2026-07-13 16:20:51,1,7,7,7,7,1,,"It didn't slide very smoothly, and you couldn't click directly on a position.",No,Improving health and improving my physical condition.,No,8573b0d3-6c0a-453c-911d-b1965f797ca0,woEO-wRAM,9.12,,,,,,,,,,,
390,2026-07-13 16:16:47,6,5,5,5,5,2,Forgot to mention certain details.,A bit troublesome.,It was okay — didn't affect me much.,"Getting sick — for example, if diagnosed with diabetes, I'd control my carbs.",No,1a914aed-1433-496f-9267-1b4f7e9822af,woEO-woRAM,7.37,,,,,,,,,,,
391,2026-07-13 18:47:12,5,5,5,5,6,1,,No,A little.,Environment and money.,No,8e684cd1-8219-4f05-914f-76d6cf1cffa2,wEO-wRAM,16.47,,,,,,,,,,,
392,2026-07-16 18:06:30,3,7,7,6,6,1,,No,"Yes — compared to a 5-point Likert scale, it allowed for more nuanced analysis of feelings.",Gaining positive outcomes — such as external changes like a well-proportioned figure and looking energetic.,No,19c4674e-4a2b-4cb3-ab0a-d55080e22e51,wEO-woRAM,14.62,,,,,,,,,,,
393,2026-07-21 16:55:01,7,5,5,5,5,1,,It was okay.,No.,Positive — improving health.,No,79b1dea2-6413-410e-a163-3d466dc831c6,woEO-woRAM,30.43,,,,,,,,,,,
394,2026-07-13 18:14:32,6,6,5,5,5,1,,No,It made me pause and seriously consider which side really expressed what I meant.,"Avoiding negative outcomes — I don't exercise much but I do control my weight, so I hope for some dietary methods to keep my body from getting worse.",No,10c6a391-da88-487d-a5f5-bc25a21293cb,wEO-woRAM,50.98,,,,,,,,,,,
395,2026-07-18 12:44:33,2,4,6,5,5,1,,No,No,"Reducing unexplained pain, staying happy in the long term, and having good sleep quality can drive me to improve my health.",No,028a0a1a-d6d9-4d71-9ae6-a22d6d508bb4,wEO-woRAM,13.18,,,,,,,,,,,
396,2026-07-21 16:48:53,6,6,6,6,6,1,,The slider was hard to operate.,"Yes, because I had to drag it repeatedly.",Gaining positive outcomes — looking great every day.,"Young people have appearance anxiety, and older people have serious health anxiety.",28fb92d2-8ed7-4b8b-a3dc-2b71adb6a932,woEO-woRAM,12.25,,,,,,,,,,,
397,2026-07-22 8:32:53,7,5,5,5,5,2,Difficulty explaining it clearly.,Hard to control.,"Yes — when it wasn't smooth to move, I'd settle for whatever position it was at.","Illness / cancer / high blood pressure, blood sugar, and cholesterol.",Emotional or mental health aspects.,f4b0b30b-d40b-4461-baf6-78c44cfe418b,woEO-woRAM,13.63,,,,,,,,,,,
398,2026-07-13 16:36:34,2,6,6,6,6,2,Worried that a low score would make the doctor think that I have poor health.,No,"The slider let me answer more honestly — since things are often ambiguous, I could move it to whatever position felt right.","Avoiding negative outcomes — such as gout, being overweight affecting appearance, hypertension, and diabetes.",No,e264bcc0-e0d0-4679-8aa7-b2a79739fcc0,wEO-wRAM,31.67,,,,,,,,,,,
399,2026-07-21 18:26:07,7,6,3,6,6,1,,Very focused.,"Yes, it did.",Age and physical strength.,,d24e975a-523c-40f5-a642-80feb7c88871,wEO-woRAM,13.73,,,,,,,,,,,
400,2026-07-15 20:26:26,4,3,5,5,5,1,,No,Yes.,Could still be better.,No,a4a08bca-386a-46fa-b7f2-283a8804be02,woEO-wRAM,7.50,,,,,,,,,,,
401,2026-07-22 10:42:04,2,6,6,6,6,1,,"More troublesome — after dragging, you still have to click to confirm.",No,Avoiding negative outcomes — avoiding illness reduces doctor visits.,No,aaa49c7f-1f9c-4e57-836a-080b792e250c,woEO-wRAM,43.25,,,,,,,,,,,
402,2026-07-16 18:36:06,5,5,4,4,5,1,,No,A little.,Effective weight loss.,No,b8fe8169-94e9-4245-85b6-975b967cd6c8,woEO-woRAM,10.80,,,,,,,,,,,
403,2026-07-17 13:49:57,7,3,3,4,4,1,,Troublesome.,No,Positive.,No,0a7c8c77-1fd1-442f-aca8-0449390b9052,woEO-woRAM,12.82,,,,,,,,,,,
404,2026-07-13 16:32:22,7,7,6,6,6,1,,No particular feeling.,No,Hoping to gain positive outcomes.,No,b04cbba7-3c10-4461-bf3c-8f53fe7b7ce0,woEO-wRAM,11.82,,,,,,,,,,,
405,2026-07-13 16:14:29,3,7,7,7,7,1,,No,No,Making my body healthier.,No,d2b97b22-59c7-4471-9d22-79fb1d7a18c3,woEO-woRAM,7.35,,,,,,,,,,,
406,2026-07-13 23:33:41,6,2,6,5,6,1,,"Hard to drag, and you still have to confirm.",It took more thinking time — there was a visible ruler.,Gaining positive outcomes — like building muscle — feels more tangible and intuitive.,No,1cc527f2-6178-48a9-b69f-7b58bf283d69,woEO-wRAM,15.07,,,,,,,,,,,
407,2026-07-13 16:43:21,2,6,6,6,6,1,,No,No,Gaining positive outcomes.,No,037b5b1a-6596-415d-9860-cfe1ce971b96,woEO-woRAM,7.90,,,,,,,,,,,
408,2026-07-16 20:30:58,6,6,6,6,6,1,,No,No,Doctors' medical instructions.,No,bb0d3b5e-a6c9-455a-b381-a9e4a37be019,wEO-woRAM,13.40,,,,,,,,,,,
409,2026-07-22 15:13:19,4,6,6,6,6,1,,No,No,No,No,e60188ed-cf8d-416d-a18b-8d568153c18b,wEO-wRAM,7.08,,,,,,,,,,,
410,2026-07-17 8:33:51,4,6,6,7,7,1,,No,No.,Improving health.,No,8140fde1-8c2c-4b69-83c5-d1d0c7abfe15,woEO-wRAM,8.28,,,,,,,,,,,
411,2026-07-21 16:34:43,6,6,6,6,6,1,,no,no,Avoiding negative outcomes.,,11024d4c-7914-4623-9982-32f359274d81,woEO-wRAM,8.23,,,,,,,,,,,
412,2026-07-14 16:36:48,5,6,6,6,6,1,,No,No,Avoiding negative outcomes.,No,57d1e349-a2c0-4a69-af56-265f5bcabccc,woEO-wRAM,9.47,,,,,,,,,,,
413,2026-07-20 22:17:29,5,5,5,5,6,1,,No numeric values.,More relative.,Gaining positive outcomes.,,9851efaf-5bbe-40f8-921d-035977c9f9b3,woEO-woRAM,9.27,,,,,,,,,,,
414,2026-07-22 9:54:12,3,3,5,5,5,2,"I did not write it down beforehand, so I may unintentionally forget some details during the conversation.",Hard to drag; I wanted to click instead — some surveys' sliders let you click.,Yes.,"Gaining positive outcomes — good spirits, stable emotions, better looks, better skin, clearer thinking.",No,2004c444-6545-418b-958d-59b082579446,wEO-wRAM,13.53,,,,,,,,,,,
415,2026-07-23 9:39:16,6,5,5,5,4,1,,No,No,No,No,00d20154-e125-4fbb-972d-cead5466a7ae,wEO-woRAM,8.87,,,,,,,,,,,
416,2026-07-13 17:59:53,4,5,5,5,5,1,,It was hard to control with a mouse.,"Yes, it did.",Being able to create a happy mood in daily life.,Daily exercise.,13cd5374-061b-40ce-ba37-8670f9ad7176,woEO-woRAM,16.22,,,,,,,,,,,
417,2026-07-16 17:51:26,6,6,6,6,5,1,,Yes.,Yes.,,,8fbb6892-f5d4-4fb4-ae96-dc96a6a41ed2,woEO-woRAM,13.88,,,,,,,,,,,
418,2026-07-22 9:27:11,2,6,7,6,6,1,,Different from how I've usually answered surveys — I had to be more careful.,No.,Controlling blood sugar to avoid the side effects of diabetes.,No,d96c1ac6-345b-4d21-9865-1e1227e2ef51,wEO-woRAM,17.58,,,,,,,,,,,
419,2026-07-22 8:26:45,5,4,6,6,6,1,,,Yes — there was no clear percentage.,,,692591ff-07ad-426b-9c4e-977d23c919d0,woEO-woRAM,8.15,,,,,,,,,,,
420,2026-07-13 16:46:14,5,5,5,6,6,2,When I experience memory confusion.,The slider was a bit hard to operate.,"It was okay, just a bit hard to operate.",The motivation from gaining positive outcomes is stronger.,Can't think of any at the moment.,1ef3a2db-3e4b-4d91-a82c-e8b852f868f0,woEO-wRAM,8.05,,,,,,,,,,,
421,2026-07-17 3:47:53,5,5,6,6,6,1,,"It's convenient compared to picking a score, but the slider has positioning limits, so answers can't be more precise.",No.,Gaining positive outcomes (maintaining physical health).,None.,17f71d89-b158-43f1-8635-4f434ab0b33b,wEO-wRAM,19.42,,,,,,,,,,,
422,2026-07-17 8:01:02,4,6,6,6,5,1,,Yes.,No,Gaining positive outcomes.,No,ad4bae07-7f98-4948-acb8-7d394620bbde,woEO-woRAM,23.80,,,,,,,,,,,
423,2026-07-13 16:26:58,4,6,6,5,7,1,,Yes.,Yes.,No,No,bd50043f-76ed-4c11-b632-836153832649,wEO-wRAM,12.52,,,,,,,,,,,
424,2026-07-22 21:19:53,1,6,6,6,6,1,,Quite unique.,No.,Gaining positive outcomes.,No,4219f04e-3e56-49e1-8545-4ba8899edae7,wEO-wRAM,30.47,,,,,,,,,,,
425,2026-07-21 16:19:36,5,4,6,6,6,1,,No,"Yes, it affected me.",Becoming healthier.,No,e5584f0b-ca84-42b5-bc75-93e734d59030,woEO-woRAM,12.58,,,,,,,,,,,
426,2026-07-14 14:57:43,4,7,7,7,7,1,,No,No,Improving health information.,No,1d9263b0-55b0-4401-92ff-f41842fd51a6,wEO-woRAM,12.38,,,,,,,,,,,
427,2026-07-14 21:19:24,4,4,5,4,4,1,,,No.,,,9e2dcfe1-a653-448c-8d5c-29ca8252039d,wEO-woRAM,23.83,,,,,,,,,,,
428,2026-07-21 16:10:00,4,3,4,5,5,1,,No,No,No,No,9cf1598a-0b3c-4691-8920-581b98649bf7,woEO-wRAM,7.53,,,,,,,,,,,
429,2026-07-13 18:59:46,2,6,7,6,7,1,,No,No,Exercise and a healthy diet.,No,20cea5ee-bcae-4556-a288-e07819df5bff,wEO-woRAM,19.92,,,,,,,,,,,
430,2026-07-13 20:43:30,3,7,7,7,7,1,,No,No,No,No,e426702c-388e-4838-ad2b-276812b84b49,woEO-wRAM,17.65,,,,,,,,,,,
431,2026-07-19 21:49:17,7,6,6,6,6,1,,,,,,d2ccc9b3-d67b-4529-b61c-76ab6e5d7fa9,wEO-woRAM,7.37,,,,,,,,,,,
432,2026-07-13 16:17:25,5,2,3,4,5,1,,No,No,No,No,240292a2-75f5-464c-932b-4447045d3ea0,woEO-woRAM,7.80,,,,,,,,,,,
433,2026-07-21 21:00:15,4,5,5,5,5,1,,No,No,No,No,ae39829b-e523-4b21-887f-1ecf593193ca,wEO-wRAM,9.28,,,,,,,,,,,
434,2026-07-13 16:11:51,6,6,6,6,5,1,,There should be numbers marked.,No,Positive outcomes.,No,a6d2c7fc-589f-46aa-885e-7374afa40e58,woEO-woRAM,7.17,,,,,,,,,,,
435,2026-07-21 16:32:50,3,6,6,6,7,2,"I may slightly want to make my situation appear better (e.g., reporting that I ate junk food for fewer days than I actually did).","The answer didn't show a level of agreement, so I decided the position mostly by feel.",I felt there was more likely a middle value.,"Avoiding negative outcomes — I don't want chronic illness, and thinking about the pain of it makes me feel I should improve my habits.",I couldn't tell how choosing a doctor type affected my answers or scoring.,a44366d3-7b71-4b81-a010-83b3bd142090,wEO-woRAM,18.03,,,,,,,,,,,
436,2026-07-14 9:54:50,3,7,7,7,7,1,,No,No,No,No,2adc898f-b50f-4565-8c44-5e74d5d13198,woEO-woRAM,23.22,,,,,,,,,,,
437,2026-07-13 16:30:18,5,6,6,6,6,1,,Yes.,No,Avoiding negative outcomes.,No,ce8bf169-6ba7-4aae-baf9-4507d1f27b31,wEO-wRAM,16.63,,,,,,,,,,,
438,2026-07-17 7:43:48,5,5,5,5,5,1,,Yes.,Yes.,Dietary improvement.,No,4ce51d0e-c482-4c14-a23e-5b936b388877,woEO-wRAM,22.90,,,,,,,,,,,
439,2026-07-22 15:43:02,7,7,7,7,7,1,,No,No,Improving health and avoiding disease.,,915541f0-84a1-4fc9-b015-84086e670420,wEO-woRAM,8.65,,,,,,,,,,,
440,2026-07-13 16:11:53,5,6,6,6,6,1,,No,No,"Avoiding negative outcomes — negative impacts motivate me more to improve. For example, seeing the inconvenience overweight people face makes me pay more attention to health.",No,fdaa3615-b1cc-4efd-a707-8a71c5aba17b,woEO-woRAM,7.63,,,,,,,,,,,
441,2026-07-22 0:35:15,6,4,5,5,5,1,,I found that this way of operating didn't allow picking a perfectly centered option.,"When I couldn't pick a neutral option, I tended to lean toward a more extreme answer.","Gaining positive incentives — for example, a lighter body shape!","None for now, thank you.",43e2898c-c9f5-46f7-b21e-005595eb8de4,woEO-wRAM,23.82,,,,,,,,,,,
442,2026-07-13 16:33:33,7,5,5,6,5,1,,No,A bit hard to click.,Improving health.,No,7bed7fb9-09bc-4d87-bc6e-24142b5da460,wEO-wRAM,8.57,,,,,,,,,,,
443,2026-07-21 16:26:51,6,5,6,6,6,1,,Might hold different standard for each question,"Yes — because there was no scale of measurement, I thought about it more.","Avoiding negative outcomes (like getting sick or a decline in health) — I get sick often, so a period of getting sick less makes me feel I've become healthier.",No,a725cc68-62c6-4043-af52-a096f78b3917,wEO-wRAM,10.37,,,,,,,,,,,
444,2026-07-14 8:18:56,1,5,5,5,5,1,,More intuitive.,More intuitive.,"Improving health, and gaining stamina to not feel tired.",No,c0a9500e-24f0-450f-9017-92011a6a3fda,woEO-woRAM,10.67,,,,,,,,,,,
445,2026-07-13 18:40:32,4,6,6,7,7,1,,No,No,Control over food preferences.,None at the moment.,cf879c39-eb0c-479a-a2b7-ea939a3fbada,woEO-wRAM,16.03,,,,,,,,,,,
446,2026-07-13 17:39:59,2,6,6,6,6,1,,"Compared with a text 'Yes'/'No', answering with a slider feels more subtle.",No,Negative examples motivate me more to improve health — like the serious consequences of fatty liver. Seeing real cases makes me more afraid.,No,e5b076ef-5188-4e86-95e6-510aab449066,woEO-wRAM,11.10,,,,,,,,,,,
447,2026-07-17 11:03:49,4,7,7,7,7,1,,,,,,d3937a6f-41ba-4811-9efe-3ad6192146f1,woEO-wRAM,8.38,,,,,,,,,,,
448,2026-07-13 16:41:05,4,7,7,7,7,1,,No,No,Avoiding negative outcomes — I don't want to suffer the discomfort brought by illness.,No,be246ae2-42c0-4eab-8c84-54bc6c331a5d,wEO-wRAM,8.52,,,,,,,,,,,
449,2026-07-13 17:17:00,4,5,5,5,5,2,Sometimes I forget details or recall information inaccurately.,"Without clear tick marks, it's harder to answer.","Without clear tick marks, it's harder to answer.",Relieving discomfort.,No,29d227cd-1a21-4dbe-87fa-a45fd21c8897,woEO-woRAM,49.58,,,,,,,,,,,
450,2026-07-13 18:36:37,4,5,6,6,5,1,,No,No,No improvement.,No,c2eb1fc2-58d3-45cb-9752-8b2541e852c4,woEO-wRAM,7.63,,,,,,,,,,,
451,2026-07-18 1:55:40,6,6,7,7,6,1,,Overall not smooth enough — it felt laggy.,No,"Gaining positive outcomes — like eating fruits and vegetables daily to improve gut motility, rather than framing it as reducing constipation risk.",I hope for more scenario-based questions.,96f32580-1283-4e89-83e2-85b67770f10a,wEO-woRAM,8.53,,,,,,,,,,,
452,2026-07-21 16:18:27,7,6,6,6,6,1,,No,No,Improving health.,No,8c347e65-c075-4132-baf9-addbfdc265c8,woEO-wRAM,11.35,,,,,,,,,,,
453,2026-07-23 0:10:26,4,5,5,5,5,1,,It was hard to slide.,No,,,ca4384dd-01d1-4384-b518-ac285df9d979,wEO-woRAM,8.72,,,,,,,,,,,
454,2026-07-17 18:41:23,4,6,6,6,6,1,,No,No,No,No,7d7b4379-54e1-4177-9f0a-e5afffa761b5,woEO-wRAM,7.73,,,,,,,,,,,
455,2026-07-21 22:01:07,7,6,6,6,6,1,,Using the slider for the first time felt like setting an alarm clock — you have to gauge the marks yourself.,Yes — I would think a bit more before answering.,How convenient the environment is.,,282e17db-a4f0-4e1b-8119-57743b861c08,wEO-woRAM,25.78,,,,,,,,,,,
456,2026-07-20 1:06:25,6,5,6,6,6,1,,No,No.,Improving health.,No,d25b8e05-3937-43fd-8505-e3db3b0fb055,woEO-wRAM,21.62,,,,,,,,,,,
457,2026-07-15 23:09:42,3,5,6,5,5,1,,No,No,Avoiding the onset of disease.,No,3dfd217a-7f90-4109-b093-7ac114727f22,wEO-wRAM,9.40,,,,,,,,,,,
458,2026-07-18 13:14:07,1,6,6,7,7,1,,No,No,No,No,972caa08-8db8-4b7c-945f-8253be0150c9,wEO-wRAM,8.40,,,,,,,,,,,
459,2026-07-22 9:45:37,1,6,6,6,6,1,,No,No,When I get sick.,No,64806914-b82e-482f-80ef-31ab4eb913db,wEO-woRAM,104.98,,,,,,,,,,,
460,2026-07-13 16:46:28,2,6,6,6,6,1,,No,No.,Positive outcomes — pain notably improved.,No,5c311063-b31b-4580-9940-0f9c08e49942,woEO-woRAM,13.48,,,,,,,,,,,
461,2026-07-21 17:30:06,5,6,6,6,6,1,,No,No,Choosing nutritious meals and setting time for exercise.,No,df7f9d87-fadf-4470-bdf6-8364bf6b08b0,woEO-wRAM,14.40,,,,,,,,,,,
462,2026-07-13 22:46:22,7,6,6,6,6,1,,No,No,Gaining positive outcomes — maintaining a healthy body shape.,No,65d8f678-f98a-45a3-a318-a7ecc01e72cf,woEO-wRAM,43.62,,,,,,,,,,,
463,2026-07-13 17:48:13,4,4,4,4,4,,,No,No,Health.,No,08471ad8-cf33-4d58-a9cf-b1625e1d30e7,woEO-woRAM,7.13,,,,,,,,,,,
464,2026-07-21 22:14:20,3,5,5,5,5,1,,Inconvenient.,No.,Improving health and restoring vitality.,Maintaining a healthy lifestyle.,b16a1718-c315-4e79-aded-9fefadf4bd3c,wEO-woRAM,43.78,,,,,,,,,,,
465,2026-07-22 22:53:19,7,6,6,7,6,1,,No.,No.,Diet.,No.,18262b1e-acc7-4d36-a884-988ad191849a,woEO-wRAM,8.15,,,,,,,,,,,
466,2026-07-17 10:18:17,2,5,6,6,6,1,,No,No,No,No,e29cbb29-0a69-4606-bbe4-d9eed8253c21,woEO-woRAM,40.07,,,,,,,,,,,
467,2026-07-23 10:13:56,7,7,7,7,7,1,,"A bit laggy, but acceptable.","No, but having concrete options (like 1–5) would make it easier to choose.","I think both have a big influence — I exercise hoping to stay healthy, and I also want to avoid obesity.","The slider score is 1–9, but the question is about 1 week — I suggest matching it to the actual number of days.",b6454003-cf5f-47ca-9b30-3a890c0b4c64,wEO-wRAM,7.88,,,,,,,,,,,
468,2026-07-14 20:32:18,5,6,6,6,6,1,,,,,,3afc72e9-9d13-48b7-9d6c-cebd095bb5c3,wEO-wRAM,10.10,,,,,,,,,,,
469,2026-07-13 16:40:35,4,7,7,7,7,1,,It felt like the score and the answer were somewhat reversed.,"It didn't affect me — if anything, it made me think.","Improving health and gaining vitality — positive wording feels better than negative-outcome framing, which feels ominous.","None, thank you.",47c47cbf-ec04-40cb-8e55-5044651e828c,woEO-wRAM,17.40,,,,,,,,,,,
470,2026-07-13 18:27:01,6,5,5,5,5,1,,No particular thoughts.,No,No,No,2ba0790c-6b90-4a68-adee-a7ea273a3f30,wEO-wRAM,8.80,,,,,,,,,,,
471,2026-07-22 0:09:25,6,7,7,7,7,1,,,,,,435702e8-b27a-45de-a150-7fdb924ea4c0,woEO-wRAM,7.53,,,,,,,,,,,
472,2026-07-13 19:21:18,5,5,5,5,5,1,,No,Yes — I'm less used to the slider-plus-checkmark approach.,"Both positive and negative — not getting sick and not seeing the doctor saves me money and time. On the positive side, more and more people care about fitness these days, and I use that to remind myself to watch my diet and exercise more.","For that question about drinking beverages other than water over 7 days — if I picked a low score, does that mean a low health index? Did I misunderstand?",da64aeff-0e15-4033-84f7-8c4949fc63dd,woEO-woRAM,16.65,,,,,,,,,,,
,,,,,,,,,,,,,,,,,,,,,,,,,,
,,,,,,,,,,,,,,,,,,,,,,,,,,
,,,,,,,,,,,,,,,,,,,,,,,,,,
,,,,,,,,,,,,,,,,,,,,,,,,,,
,,,,,,,,,,,,,,,,,,,,,,,,,,
,,,,,,,,,,,,,,,,,,,,,,,,,,
,,,,,,,,,,,,,,,,,,,,,,,,,,
,,,,,,,,,,,,,,,,,,,,,,,,,,
,,,,,,,,,,,,,,,,,,,,,,,,,,
,,,,,,,,,,,,,,,,,,,,,,,,,,
,,,,,,,,,,,,,,,,,,,,,,,,,,
,,,,,,,,,,,,,,,,,,,,,,,,,,
,,,,,,,,,,,,,,,,,,,,,,,,,,
,,,,,,,,,,,,,,,,,,,,,,,,,,
,,,,,,,,,,,,,,,,,,,,,,,,,,
,,,,,,,,,,,,,,,,,,,,,,,,,,
,,,,,,,,,,,,,,,,,,,,,,,,,,
,,,,,,,,,,,,,,,,,,,,,,,,,,
,,,,,,,,,,,,,,,,,,,,,,,,,,
,,,,,,,,,,,,,,,,,,,,,,,,,,
,,,,,,,,,,,,,,,,,,,,,,,,,,
,,,,,,,,,,,,,,,,,,,,,,,,,,
,,,,,,,,,,,,,,,,,,,,,,,,,,
,,,,,,,,,,,,,,,,,,,,,,,,,,
,,,,,,,,,,,,,,,,,,,,,,,,,,
,,,,,,,,,,,,,,,,,,,,,,,,,,
,,,,,,,,,,,,,,,,,,,,,,,,,,
,,,,,,,,,,,,,,,,,,,,,,,,,,
,,,,,,,,,,,,,,,,,,,,,,,,,,
,,,,,,,,,,,,,,,,,,,,,,,,,,
,,,,,,,,,,,,,,,,,,,,,,,,,,
,,,,,,,,,,,,,,,,,,,,,,,,,,
,,,,,,,,,,,,,,,,,,,,,,,,,,
,,,,,,,,,,,,,,,,,,,,,,,,,,
,,,,,,,,,,,,,,,,,,,,,,,,,,
,,,,,,,,,,,,,,,,,,,,,,,,,,
,,,,,,,,,,,,,,,,,,,,,,,,,,
,,,,,,,,,,,,,,,,,,,,,,,,,,
,,,,,,,,,,,,,,,,,,,,,,,,,,
,,,,,,,,,,,,,,,,,,,,,,,,,,
,,,,,,,,,,,,,,,,,,,,,,,,,,
,,,,,,,,,,,,,,,,,,,,,,,,,,
,,,,,,,,,,,,,,,,,,,,,,,,,,
,,,,,,,,,,,,,,,,,,,,,,,,,,
,,,,,,,,,,,,,,,,,,,,,,,,,,
,,,,,,,,,,,,,,,,,,,,,,,,,,
,,,,,,,,,,,,,,,,,,,,,,,,,,
,,,,,,,,,,,,,,,,,,,,,,,,,,
,,,,,,,,,,,,,,,,,,,,,,,,,,
,,,,,,,,,,,,,,,,,,,,,,,,,,
,,,,,,,,,,,,,,,,,,,,,,,,,,
,,,,,,,,,,,,,,,,,,,,,,,,,,
,,,,,,,,,,,,,,,,,,,,,,,,,,
,,,,,,,,,,,,,,,,,,,,,,,,,,
,,,,,,,,,,,,,,,,,,,,,,,,,,
,,,,,,,,,,,,,,,,,,,,,,,,,,
,,,,,,,,,,,,,,,,,,,,,,,,,,
,,,,,,,,,,,,,,,,,,,,,,,,,,
,,,,,,,,,,,,,,,,,,,,,,,,,,
,,,,,,,,,,,,,,,,,,,,,,,,,,
,,,,,,,,,,,,,,,,,,,,,,,,,,
,,,,,,,,,,,,,,,,,,,,,,,,,,
,,,,,,,,,,,,,,,,,,,,,,,,,,
,,,,,,,,,,,,,,,,,,,,,,,,,,
,,,,,,,,,,,,,,,,,,,,,,,,,,
,,,,,,,,,,,,,,,,,,,,,,,,,,
,,,,,,,,,,,,,,,,,,,,,,,,,,
,,,,,,,,,,,,,,,,,,,,,,,,,,
,,,,,,,,,,,,,,,,,,,,,,,,,,
,,,,,,,,,,,,,,,,,,,,,,,,,,
,,,,,,,,,,,,,,,,,,,,,,,,,,
,,,,,,,,,,,,,,,,,,,,,,,,,,
,,,,,,,,,,,,,,,,,,,,,,,,,,
,,,,,,,,,,,,,,,,,,,,,,,,,,
,,,,,,,,,,,,,,,,,,,,,,,,,,
,,,,,,,,,,,,,,,,,,,,,,,,,,
,,,,,,,,,,,,,,,,,,,,,,,,,,
,,,,,,,,,,,,,,,,,,,,,,,,,,
,,,,,,,,,,,,,,,,,,,,,,,,,,
,,,,,,,,,,,,,,,,,,,,,,,,,,
,,,,,,,,,,,,,,,,,,,,,,,,,,
,,,,,,,,,,,,,,,,,,,,,,,,,,
,,,,,,,,,,,,,,,,,,,,,,,,,,
,,,,,,,,,,,,,,,,,,,,,,,,,,
,,,,,,,,,,,,,,,,,,,,,,,,,,
,,,,,,,,,,,,,,,,,,,,,,,,,,
,,,,,,,,,,,,,,,,,,,,,,,,,,
,,,,,,,,,,,,,,,,,,,,,,,,,,
,,,,,,,,,,,,,,,,,,,,,,,,,,
,,,,,,,,,,,,,,,,,,,,,,,,,,
,,,,,,,,,,,,,,,,,,,,,,,,,,
,,,,,,,,,,,,,,,,,,,,,,,,,,
,,,,,,,,,,,,,,,,,,,,,,,,,,
,,,,,,,,,,,,,,,,,,,,,,,,,,
,,,,,,,,,,,,,,,,,,,,,,,,,,
,,,,,,,,,,,,,,,,,,,,,,,,,,
,,,,,,,,,,,,,,,,,,,,,,,,,,
,,,,,,,,,,,,,,,,,,,,,,,,,,
,,,,,,,,,,,,,,,,,,,,,,,,,,
,,,,,,,,,,,,,,,,,,,,,,,,,,
,,,,,,,,,,,,,,,,,,,,,,,,,,
,,,,,,,,,,,,,,,,,,,,,,,,,,
,,,,,,,,,,,,,,,,,,,,,,,,,,
,,,,,,,,,,,,,,,,,,,,,,,,,,
,,,,,,,,,,,,,,,,,,,,,,,,,,
,,,,,,,,,,,,,,,,,,,,,,,,,,
,,,,,,,,,,,,,,,,,,,,,,,,,,
,,,,,,,,,,,,,,,,,,,,,,,,,,
,,,,,,,,,,,,,,,,,,,,,,,,,,
,,,,,,,,,,,,,,,,,,,,,,,,,,
,,,,,,,,,,,,,,,,,,,,,,,,,,
,,,,,,,,,,,,,,,,,,,,,,,,,,
,,,,,,,,,,,,,,,,,,,,,,,,,,
,,,,,,,,,,,,,,,,,,,,,,,,,,
,,,,,,,,,,,,,,,,,,,,,,,,,,
,,,,,,,,,,,,,,,,,,,,,,,,,,
,,,,,,,,,,,,,,,,,,,,,,,,,,
,,,,,,,,,,,,,,,,,,,,,,,,,,
,,,,,,,,,,,,,,,,,,,,,,,,,,
,,,,,,,,,,,,,,,,,,,,,,,,,,
,,,,,,,,,,,,,,,,,,,,,,,,,,
,,,,,,,,,,,,,,,,,,,,,,,,,,
,,,,,,,,,,,,,,,,,,,,,,,,,,
,,,,,,,,,,,,,,,,,,,,,,,,,,
,,,,,,,,,,,,,,,,,,,,,,,,,,
,,,,,,,,,,,,,,,,,,,,,,,,,,
,,,,,,,,,,,,,,,,,,,,,,,,,,
,,,,,,,,,,,,,,,,,,,,,,,,,,
,,,,,,,,,,,,,,,,,,,,,,,,,,
,,,,,,,,,,,,,,,,,,,,,,,,,,
,,,,,,,,,,,,,,,,,,,,,,,,,,
,,,,,,,,,,,,,,,,,,,,,,,,,,
,,,,,,,,,,,,,,,,,,,,,,,,,,
,,,,,,,,,,,,,,,,,,,,,,,,,,
,,,,,,,,,,,,,,,,,,,,,,,,,,
,,,,,,,,,,,,,,,,,,,,,,,,,,
,,,,,,,,,,,,,,,,,,,,,,,,,,
,,,,,,,,,,,,,,,,,,,,,,,,,,
,,,,,,,,,,,,,,,,,,,,,,,,,,
,,,,,,,,,,,,,,,,,,,,,,,,,,
,,,,,,,,,,,,,,,,,,,,,,,,,,
,,,,,,,,,,,,,,,,,,,,,,,,,,
,,,,,,,,,,,,,,,,,,,,,,,,,,
,,,,,,,,,,,,,,,,,,,,,,,,,,
,,,,,,,,,,,,,,,,,,,,,,,,,,
,,,,,,,,,,,,,,,,,,,,,,,,,,
,,,,,,,,,,,,,,,,,,,,,,,,,,
,,,,,,,,,,,,,,,,,,,,,,,,,,
,,,,,,,,,,,,,,,,,,,,,,,,,,
,,,,,,,,,,,,,,,,,,,,,,,,,,
,,,,,,,,,,,,,,,,,,,,,,,,,,
,,,,,,,,,,,,,,,,,,,,,,,,,,
,,,,,,,,,,,,,,,,,,,,,,,,,,
,,,,,,,,,,,,,,,,,,,,,,,,,,
,,,,,,,,,,,,,,,,,,,,,,,,,,
,,,,,,,,,,,,,,,,,,,,,,,,,,
,,,,,,,,,,,,,,,,,,,,,,,,,,
,,,,,,,,,,,,,,,,,,,,,,,,,,
,,,,,,,,,,,,,,,,,,,,,,,,,,
,,,,,,,,,,,,,,,,,,,,,,,,,,
,,,,,,,,,,,,,,,,,,,,,,,,,,
,,,,,,,,,,,,,,,,,,,,,,,,,,
,,,,,,,,,,,,,,,,,,,,,,,,,,
,,,,,,,,,,,,,,,,,,,,,,,,,,
,,,,,,,,,,,,,,,,,,,,,,,,,,
,,,,,,,,,,,,,,,,,,,,,,,,,,
,,,,,,,,,,,,,,,,,,,,,,,,,,
,,,,,,,,,,,,,,,,,,,,,,,,,,
,,,,,,,,,,,,,,,,,,,,,,,,,,
,,,,,,,,,,,,,,,,,,,,,,,,,,
,,,,,,,,,,,,,,,,,,,,,,,,,,
,,,,,,,,,,,,,,,,,,,,,,,,,,
,,,,,,,,,,,,,,,,,,,,,,,,,,
,,,,,,,,,,,,,,,,,,,,,,,,,,
,,,,,,,,,,,,,,,,,,,,,,,,,,
,,,,,,,,,,,,,,,,,,,,,,,,,,
,,,,,,,,,,,,,,,,,,,,,,,,,,
,,,,,,,,,,,,,,,,,,,,,,,,,,
,,,,,,,,,,,,,,,,,,,,,,,,,,
,,,,,,,,,,,,,,,,,,,,,,,,,,
,,,,,,,,,,,,,,,,,,,,,,,,,,
,,,,,,,,,,,,,,,,,,,,,,,,,,
,,,,,,,,,,,,,,,,,,,,,,,,,,
,,,,,,,,,,,,,,,,,,,,,,,,,,
,,,,,,,,,,,,,,,,,,,,,,,,,,
,,,,,,,,,,,,,,,,,,,,,,,,,,
,,,,,,,,,,,,,,,,,,,,,,,,,,
,,,,,,,,,,,,,,,,,,,,,,,,,,
,,,,,,,,,,,,,,,,,,,,,,,,,,
,,,,,,,,,,,,,,,,,,,,,,,,,,
,,,,,,,,,,,,,,,,,,,,,,,,,,
,,,,,,,,,,,,,,,,,,,,,,,,,,
,,,,,,,,,,,,,,,,,,,,,,,,,,
,,,,,,,,,,,,,,,,,,,,,,,,,,
,,,,,,,,,,,,,,,,,,,,,,,,,,
,,,,,,,,,,,,,,,,,,,,,,,,,,
,,,,,,,,,,,,,,,,,,,,,,,,,,
,,,,,,,,,,,,,,,,,,,,,,,,,,
,,,,,,,,,,,,,,,,,,,,,,,,,,
,,,,,,,,,,,,,,,,,,,,,,,,,,
,,,,,,,,,,,,,,,,,,,,,,,,,,
,,,,,,,,,,,,,,,,,,,,,,,,,,
,,,,,,,,,,,,,,,,,,,,,,,,,,
,,,,,,,,,,,,,,,,,,,,,,,,,,
,,,,,,,,,,,,,,,,,,,,,,,,,,
,,,,,,,,,,,,,,,,,,,,,,,,,,
,,,,,,,,,,,,,,,,,,,,,,,,,,
,,,,,,,,,,,,,,,,,,,,,,,,,,
,,,,,,,,,,,,,,,,,,,,,,,,,,
,,,,,,,,,,,,,,,,,,,,,,,,,,
,,,,,,,,,,,,,,,,,,,,,,,,,,
,,,,,,,,,,,,,,,,,,,,,,,,,,
,,,,,,,,,,,,,,,,,,,,,,,,,,
,,,,,,,,,,,,,,,,,,,,,,,,,,
,,,,,,,,,,,,,,,,,,,,,,,,,,
,,,,,,,,,,,,,,,,,,,,,,,,,,
,,,,,,,,,,,,,,,,,,,,,,,,,,
,,,,,,,,,,,,,,,,,,,,,,,,,,
,,,,,,,,,,,,,,,,,,,,,,,,,,
,,,,,,,,,,,,,,,,,,,,,,,,,,
,,,,,,,,,,,,,,,,,,,,,,,,,,
,,,,,,,,,,,,,,,,,,,,,,,,,,
,,,,,,,,,,,,,,,,,,,,,,,,,,
,,,,,,,,,,,,,,,,,,,,,,,,,,
,,,,,,,,,,,,,,,,,,,,,,,,,,
,,,,,,,,,,,,,,,,,,,,,,,,,,
,,,,,,,,,,,,,,,,,,,,,,,,,,
,,,,,,,,,,,,,,,,,,,,,,,,,,
,,,,,,,,,,,,,,,,,,,,,,,,,,
,,,,,,,,,,,,,,,,,,,,,,,,,,
,,,,,,,,,,,,,,,,,,,,,,,,,,
,,,,,,,,,,,,,,,,,,,,,,,,,,
,,,,,,,,,,,,,,,,,,,,,,,,,,
,,,,,,,,,,,,,,,,,,,,,,,,,,
,,,,,,,,,,,,,,,,,,,,,,,,,,
,,,,,,,,,,,,,,,,,,,,,,,,,,
,,,,,,,,,,,,,,,,,,,,,,,,,,
,,,,,,,,,,,,,,,,,,,,,,,,,,
,,,,,,,,,,,,,,,,,,,,,,,,,,
,,,,,,,,,,,,,,,,,,,,,,,,,,
,,,,,,,,,,,,,,,,,,,,,,,,,,
,,,,,,,,,,,,,,,,,,,,,,,,,,
,,,,,,,,,,,,,,,,,,,,,,,,,,
,,,,,,,,,,,,,,,,,,,,,,,,,,
,,,,,,,,,,,,,,,,,,,,,,,,,,
,,,,,,,,,,,,,,,,,,,,,,,,,,
,,,,,,,,,,,,,,,,,,,,,,,,,,
,,,,,,,,,,,,,,,,,,,,,,,,,,
,,,,,,,,,,,,,,,,,,,,,,,,,,
,,,,,,,,,,,,,,,,,,,,,,,,,,
,,,,,,,,,,,,,,,,,,,,,,,,,,
,,,,,,,,,,,,,,,,,,,,,,,,,,
,,,,,,,,,,,,,,,,,,,,,,,,,,
,,,,,,,,,,,,,,,,,,,,,,,,,,
,,,,,,,,,,,,,,,,,,,,,,,,,,
,,,,,,,,,,,,,,,,,,,,,,,,,,
,,,,,,,,,,,,,,,,,,,,,,,,,,
,,,,,,,,,,,,,,,,,,,,,,,,,,
,,,,,,,,,,,,,,,,,,,,,,,,,,
,,,,,,,,,,,,,,,,,,,,,,,,,,
,,,,,,,,,,,,,,,,,,,,,,,,,,
,,,,,,,,,,,,,,,,,,,,,,,,,,
,,,,,,,,,,,,,,,,,,,,,,,,,,
,,,,,,,,,,,,,,,,,,,,,,,,,,
,,,,,,,,,,,,,,,,,,,,,,,,,,
,,,,,,,,,,,,,,,,,,,,,,,,,,
,,,,,,,,,,,,,,,,,,,,,,,,,,
,,,,,,,,,,,,,,,,,,,,,,,,,,
,,,,,,,,,,,,,,,,,,,,,,,,,,
,,,,,,,,,,,,,,,,,,,,,,,,,,
,,,,,,,,,,,,,,,,,,,,,,,,,,
,,,,,,,,,,,,,,,,,,,,,,,,,,
,,,,,,,,,,,,,,,,,,,,,,,,,,
,,,,,,,,,,,,,,,,,,,,,,,,,,
,,,,,,,,,,,,,,,,,,,,,,,,,,
,,,,,,,,,,,,,,,,,,,,,,,,,,
,,,,,,,,,,,,,,,,,,,,,,,,,,
,,,,,,,,,,,,,,,,,,,,,,,,,,
,,,,,,,,,,,,,,,,,,,,,,,,,,
,,,,,,,,,,,,,,,,,,,,,,,,,,
,,,,,,,,,,,,,,,,,,,,,,,,,,
,,,,,,,,,,,,,,,,,,,,,,,,,,
,,,,,,,,,,,,,,,,,,,,,,,,,,
,,,,,,,,,,,,,,,,,,,,,,,,,,
,,,,,,,,,,,,,,,,,,,,,,,,,,
,,,,,,,,,,,,,,,,,,,,,,,,,,
,,,,,,,,,,,,,,,,,,,,,,,,,,
,,,,,,,,,,,,,,,,,,,,,,,,,,
,,,,,,,,,,,,,,,,,,,,,,,,,,
,,,,,,,,,,,,,,,,,,,,,,,,,,
,,,,,,,,,,,,,,,,,,,,,,,,,,
,,,,,,,,,,,,,,,,,,,,,,,,,,
,,,,,,,,,,,,,,,,,,,,,,,,,,
,,,,,,,,,,,,,,,,,,,,,,,,,,
,,,,,,,,,,,,,,,,,,,,,,,,,,
,,,,,,,,,,,,,,,,,,,,,,,,,,
,,,,,,,,,,,,,,,,,,,,,,,,,,
,,,,,,,,,,,,,,,,,,,,,,,,,,
,,,,,,,,,,,,,,,,,,,,,,,,,,
,,,,,,,,,,,,,,,,,,,,,,,,,,
,,,,,,,,,,,,,,,,,,,,,,,,,,
,,,,,,,,,,,,,,,,,,,,,,,,,,
,,,,,,,,,,,,,,,,,,,,,,,,,,
,,,,,,,,,,,,,,,,,,,,,,,,,,
,,,,,,,,,,,,,,,,,,,,,,,,,,
,,,,,,,,,,,,,,,,,,,,,,,,,,
,,,,,,,,,,,,,,,,,,,,,,,,,,
,,,,,,,,,,,,,,,,,,,,,,,,,,
,,,,,,,,,,,,,,,,,,,,,,,,,,
,,,,,,,,,,,,,,,,,,,,,,,,,,
,,,,,,,,,,,,,,,,,,,,,,,,,,
,,,,,,,,,,,,,,,,,,,,,,,,,,
,,,,,,,,,,,,,,,,,,,,,,,,,,
,,,,,,,,,,,,,,,,,,,,,,,,,,
,,,,,,,,,,,,,,,,,,,,,,,,,,
,,,,,,,,,,,,,,,,,,,,,,,,,,
,,,,,,,,,,,,,,,,,,,,,,,,,,
,,,,,,,,,,,,,,,,,,,,,,,,,,
,,,,,,,,,,,,,,,,,,,,,,,,,,
,,,,,,,,,,,,,,,,,,,,,,,,,,
,,,,,,,,,,,,,,,,,,,,,,,,,,
,,,,,,,,,,,,,,,,,,,,,,,,,,
,,,,,,,,,,,,,,,,,,,,,,,,,,
,,,,,,,,,,,,,,,,,,,,,,,,,,
,,,,,,,,,,,,,,,,,,,,,,,,,,
,,,,,,,,,,,,,,,,,,,,,,,,,,
,,,,,,,,,,,,,,,,,,,,,,,,,,
,,,,,,,,,,,,,,,,,,,,,,,,,,
,,,,,,,,,,,,,,,,,,,,,,,,,,
,,,,,,,,,,,,,,,,,,,,,,,,,,
,,,,,,,,,,,,,,,,,,,,,,,,,,
,,,,,,,,,,,,,,,,,,,,,,,,,,
,,,,,,,,,,,,,,,,,,,,,,,,,,
,,,,,,,,,,,,,,,,,,,,,,,,,,
,,,,,,,,,,,,,,,,,,,,,,,,,,
,,,,,,,,,,,,,,,,,,,,,,,,,,
,,,,,,,,,,,,,,,,,,,,,,,,,,
,,,,,,,,,,,,,,,,,,,,,,,,,,
,,,,,,,,,,,,,,,,,,,,,,,,,,
,,,,,,,,,,,,,,,,,,,,,,,,,,
,,,,,,,,,,,,,,,,,,,,,,,,,,
,,,,,,,,,,,,,,,,,,,,,,,,,,
,,,,,,,,,,,,,,,,,,,,,,,,,,
,,,,,,,,,,,,,,,,,,,,,,,,,,
,,,,,,,,,,,,,,,,,,,,,,,,,,
,,,,,,,,,,,,,,,,,,,,,,,,,,
,,,,,,,,,,,,,,,,,,,,,,,,,,
,,,,,,,,,,,,,,,,,,,,,,,,,,
,,,,,,,,,,,,,,,,,,,,,,,,,,
,,,,,,,,,,,,,,,,,,,,,,,,,,
,,,,,,,,,,,,,,,,,,,,,,,,,,
,,,,,,,,,,,,,,,,,,,,,,,,,,
,,,,,,,,,,,,,,,,,,,,,,,,,,
,,,,,,,,,,,,,,,,,,,,,,,,,,
,,,,,,,,,,,,,,,,,,,,,,,,,,
,,,,,,,,,,,,,,,,,,,,,,,,,,
,,,,,,,,,,,,,,,,,,,,,,,,,,
,,,,,,,,,,,,,,,,,,,,,,,,,,
,,,,,,,,,,,,,,,,,,,,,,,,,,
,,,,,,,,,,,,,,,,,,,,,,,,,,
,,,,,,,,,,,,,,,,,,,,,,,,,,
,,,,,,,,,,,,,,,,,,,,,,,,,,
,,,,,,,,,,,,,,,,,,,,,,,,,,
,,,,,,,,,,,,,,,,,,,,,,,,,,
,,,,,,,,,,,,,,,,,,,,,,,,,,
,,,,,,,,,,,,,,,,,,,,,,,,,,
,,,,,,,,,,,,,,,,,,,,,,,,,,
,,,,,,,,,,,,,,,,,,,,,,,,,,
,,,,,,,,,,,,,,,,,,,,,,,,,,
,,,,,,,,,,,,,,,,,,,,,,,,,,
,,,,,,,,,,,,,,,,,,,,,,,,,,
,,,,,,,,,,,,,,,,,,,,,,,,,,
,,,,,,,,,,,,,,,,,,,,,,,,,,
,,,,,,,,,,,,,,,,,,,,,,,,,,
,,,,,,,,,,,,,,,,,,,,,,,,,,
,,,,,,,,,,,,,,,,,,,,,,,,,,
,,,,,,,,,,,,,,,,,,,,,,,,,,
,,,,,,,,,,,,,,,,,,,,,,,,,,
,,,,,,,,,,,,,,,,,,,,,,,,,,
,,,,,,,,,,,,,,,,,,,,,,,,,,
,,,,,,,,,,,,,,,,,,,,,,,,,,
,,,,,,,,,,,,,,,,,,,,,,,,,,
,,,,,,,,,,,,,,,,,,,,,,,,,,
,,,,,,,,,,,,,,,,,,,,,,,,,,
,,,,,,,,,,,,,,,,,,,,,,,,,,
,,,,,,,,,,,,,,,,,,,,,,,,,,
,,,,,,,,,,,,,,,,,,,,,,,,,,
,,,,,,,,,,,,,,,,,,,,,,,,,,
,,,,,,,,,,,,,,,,,,,,,,,,,,
,,,,,,,,,,,,,,,,,,,,,,,,,,
,,,,,,,,,,,,,,,,,,,,,,,,,,
,,,,,,,,,,,,,,,,,,,,,,,,,,
,,,,,,,,,,,,,,,,,,,,,,,,,,
,,,,,,,,,,,,,,,,,,,,,,,,,,
,,,,,,,,,,,,,,,,,,,,,,,,,,
,,,,,,,,,,,,,,,,,,,,,,,,,,
,,,,,,,,,,,,,,,,,,,,,,,,,,
,,,,,,,,,,,,,,,,,,,,,,,,,,
,,,,,,,,,,,,,,,,,,,,,,,,,,
,,,,,,,,,,,,,,,,,,,,,,,,,,
,,,,,,,,,,,,,,,,,,,,,,,,,,
,,,,,,,,,,,,,,,,,,,,,,,,,,
,,,,,,,,,,,,,,,,,,,,,,,,,,
,,,,,,,,,,,,,,,,,,,,,,,,,,
,,,,,,,,,,,,,,,,,,,,,,,,,,
,,,,,,,,,,,,,,,,,,,,,,,,,,
,,,,,,,,,,,,,,,,,,,,,,,,,,
,,,,,,,,,,,,,,,,,,,,,,,,,,
,,,,,,,,,,,,,,,,,,,,,,,,,,
,,,,,,,,,,,,,,,,,,,,,,,,,,
,,,,,,,,,,,,,,,,,,,,,,,,,,
,,,,,,,,,,,,,,,,,,,,,,,,,,
,,,,,,,,,,,,,,,,,,,,,,,,,,
,,,,,,,,,,,,,,,,,,,,,,,,,,
,,,,,,,,,,,,,,,,,,,,,,,,,,
,,,,,,,,,,,,,,,,,,,,,,,,,,
,,,,,,,,,,,,,,,,,,,,,,,,,,
,,,,,,,,,,,,,,,,,,,,,,,,,,
,,,,,,,,,,,,,,,,,,,,,,,,,,
,,,,,,,,,,,,,,,,,,,,,,,,,,
,,,,,,,,,,,,,,,,,,,,,,,,,,
,,,,,,,,,,,,,,,,,,,,,,,,,,
,,,,,,,,,,,,,,,,,,,,,,,,,,
,,,,,,,,,,,,,,,,,,,,,,,,,,
,,,,,,,,,,,,,,,,,,,,,,,,,,
,,,,,,,,,,,,,,,,,,,,,,,,,,
,,,,,,,,,,,,,,,,,,,,,,,,,,
,,,,,,,,,,,,,,,,,,,,,,,,,,
,,,,,,,,,,,,,,,,,,,,,,,,,,
,,,,,,,,,,,,,,,,,,,,,,,,,,
,,,,,,,,,,,,,,,,,,,,,,,,,,
,,,,,,,,,,,,,,,,,,,,,,,,,,
,,,,,,,,,,,,,,,,,,,,,,,,,,
,,,,,,,,,,,,,,,,,,,,,,,,,,
,,,,,,,,,,,,,,,,,,,,,,,,,,
,,,,,,,,,,,,,,,,,,,,,,,,,,
,,,,,,,,,,,,,,,,,,,,,,,,,,
,,,,,,,,,,,,,,,,,,,,,,,,,,
,,,,,,,,,,,,,,,,,,,,,,,,,,
,,,,,,,,,,,,,,,,,,,,,,,,,,
,,,,,,,,,,,,,,,,,,,,,,,,,,
,,,,,,,,,,,,,,,,,,,,,,,,,,
,,,,,,,,,,,,,,,,,,,,,,,,,,
,,,,,,,,,,,,,,,,,,,,,,,,,,
,,,,,,,,,,,,,,,,,,,,,,,,,,
,,,,,,,,,,,,,,,,,,,,,,,,,,
,,,,,,,,,,,,,,,,,,,,,,,,,,
,,,,,,,,,,,,,,,,,,,,,,,,,,
,,,,,,,,,,,,,,,,,,,,,,,,,,
,,,,,,,,,,,,,,,,,,,,,,,,,,
,,,,,,,,,,,,,,,,,,,,,,,,,,
,,,,,,,,,,,,,,,,,,,,,,,,,,
,,,,,,,,,,,,,,,,,,,,,,,,,,
,,,,,,,,,,,,,,,,,,,,,,,,,,
,,,,,,,,,,,,,,,,,,,,,,,,,,
,,,,,,,,,,,,,,,,,,,,,,,,,,
,,,,,,,,,,,,,,,,,,,,,,,,,,
,,,,,,,,,,,,,,,,,,,,,,,,,,
,,,,,,,,,,,,,,,,,,,,,,,,,,
,,,,,,,,,,,,,,,,,,,,,,,,,,
,,,,,,,,,,,,,,,,,,,,,,,,,,
,,,,,,,,,,,,,,,,,,,,,,,,,,
,,,,,,,,,,,,,,,,,,,,,,,,,,
,,,,,,,,,,,,,,,,,,,,,,,,,,
,,,,,,,,,,,,,,,,,,,,,,,,,,
,,,,,,,,,,,,,,,,,,,,,,,,,,
,,,,,,,,,,,,,,,,,,,,,,,,,,
,,,,,,,,,,,,,,,,,,,,,,,,,,
,,,,,,,,,,,,,,,,,,,,,,,,,,
,,,,,,,,,,,,,,,,,,,,,,,,,,
,,,,,,,,,,,,,,,,,,,,,,,,,,
,,,,,,,,,,,,,,,,,,,,,,,,,,
,,,,,,,,,,,,,,,,,,,,,,,,,,
,,,,,,,,,,,,,,,,,,,,,,,,,,
,,,,,,,,,,,,,,,,,,,,,,,,,,
,,,,,,,,,,,,,,,,,,,,,,,,,,
,,,,,,,,,,,,,,,,,,,,,,,,,,
,,,,,,,,,,,,,,,,,,,,,,,,,,
,,,,,,,,,,,,,,,,,,,,,,,,,,
,,,,,,,,,,,,,,,,,,,,,,,,,,
,,,,,,,,,,,,,,,,,,,,,,,,,,
,,,,,,,,,,,,,,,,,,,,,,,,,,
,,,,,,,,,,,,,,,,,,,,,,,,,,
,,,,,,,,,,,,,,,,,,,,,,,,,,
,,,,,,,,,,,,,,,,,,,,,,,,,,
,,,,,,,,,,,,,,,,,,,,,,,,,,
,,,,,,,,,,,,,,,,,,,,,,,,,,
,,,,,,,,,,,,,,,,,,,,,,,,,,
,,,,,,,,,,,,,,,,,,,,,,,,,,
,,,,,,,,,,,,,,,,,,,,,,,,,,
,,,,,,,,,,,,,,,,,,,,,,,,,,
,,,,,,,,,,,,,,,,,,,,,,,,,,
,,,,,,,,,,,,,,,,,,,,,,,,,,
,,,,,,,,,,,,,,,,,,,,,,,,,,
,,,,,,,,,,,,,,,,,,,,,,,,,,
,,,,,,,,,,,,,,,,,,,,,,,,,,
,,,,,,,,,,,,,,,,,,,,,,,,,,
,,,,,,,,,,,,,,,,,,,,,,,,,,
,,,,,,,,,,,,,,,,,,,,,,,,,,
,,,,,,,,,,,,,,,,,,,,,,,,,,
,,,,,,,,,,,,,,,,,,,,,,,,,,
,,,,,,,,,,,,,,,,,,,,,,,,,,
,,,,,,,,,,,,,,,,,,,,,,,,,,
,,,,,,,,,,,,,,,,,,,,,,,,,,
,,,,,,,,,,,,,,,,,,,,,,,,,,
,,,,,,,,,,,,,,,,,,,,,,,,,,
,,,,,,,,,,,,,,,,,,,,,,,,,,
,,,,,,,,,,,,,,,,,,,,,,,,,,
,,,,,,,,,,,,,,,,,,,,,,,,,,
,,,,,,,,,,,,,,,,,,,,,,,,,,
,,,,,,,,,,,,,,,,,,,,,,,,,,
,,,,,,,,,,,,,,,,,,,,,,,,,,
,,,,,,,,,,,,,,,,,,,,,,,,,,
,,,,,,,,,,,,,,,,,,,,,,,,,,
,,,,,,,,,,,,,,,,,,,,,,,,,,
,,,,,,,,,,,,,,,,,,,,,,,,,,
,,,,,,,,,,,,,,,,,,,,,,,,,,
,,,,,,,,,,,,,,,,,,,,,,,,,,
,,,,,,,,,,,,,,,,,,,,,,,,,,
,,,,,,,,,,,,,,,,,,,,,,,,,,
,,,,,,,,,,,,,,,,,,,,,,,,,,
,,,,,,,,,,,,,,,,,,,,,,,,,,
,,,,,,,,,,,,,,,,,,,,,,,,,,
,,,,,,,,,,,,,,,,,,,,,,,,,,
,,,,,,,,,,,,,,,,,,,,,,,,,,
,,,,,,,,,,,,,,,,,,,,,,,,,,
